bu,2264,بو,1
ol,1072,اۏل,1
ay,985,آی,1
sen,671,سن,1
kişi,651,کیشی,1
edgü,628,ائدگۆ,1
ilig,552,ایلیگ,1
negü,532,نه‌گۆ,1
kör,495,کؤر,1
erse,490,ایرسه,1
bolur,467,بۏلور,1
kerek,439,کیرک,1
er,413,ار,1
birle,402,بیرله,1
saña,401,ساڭا,1
bolsa,380,بۏلسا,1
bir,374,بیر,1
teg,359,تگ,1
söz,351,سؤز,1
kamuğ,328,قاموغ,1
maña,320,ماڭا,1
emdi,306,ایمدی,1
öz,298,اؤز,1
aydı,292,آیدې,1
boldı,270,بۏلدې,1
ayur,269,آیور,1
bile,265,بیله,1
köñül,263,کؤڭۆل,1
bilig,258,بیلیگ,1
tér,257,تیر,1
kün,253,کۆن,1
anı,251,آنې,1
özüñ,246,اؤزۆڭ,1
köni,239,کؤنی,1
ögdülmiş,238,اؤگدۆلمیش,1
eşitgil,236,ائشیتگیل,1
hem,233,هم,1
barça,230,بارچا,1
yana,228,یانا,1
bérdi,227,بیردی,1
kalı,224,قالې,1
dünyâ,220,دۆنیا,1
ne,217,نه,1
beg,212,بگ,1
men,211,من,1
bayat,198,بایات,1
tut,196,توت,1
ajun,191,آژون,1
ya,189,یا,1
erdi,186,ایردی,1
üküş,182,اۆکۆش,1
yok,180,یۏق,1
neçe,178,نئچه,1
kutadgu,175,قوتادقو,1
kılkı,173,قېلقې,1
bi̇li̇g,172,بیلیگ,1
cevâbı,172,جوابې,1
yusuf,171,یوسف,1
has,171,خاص,1
tayangu,171,تایانقو,1
iş,171,ایش,1
neñ,171,نڭ,1
kıl,170,قېل,1
isiz,170,ایسیز,1
özüm,168,اؤزۆم,1
elig,167,ائلیگ,1
iki,165,ایکی,1
toldı,163,تۏلدې,1
begler,163,بگلر,1
ked,163,کد,1
takı,162,تاقې,1
tapuğ,162,تاپوغ,1
iligke,162,ایلیگکه,1
atı,160,آتې,1
kayu,159,قایو,1
añar,159,آڭار,1
tiriglik,159,تیریگلیک,1
sözüg,153,سؤزۆگ,1
idi,151,ایدی,1
yéme,150,ییمه,1
yér,150,ییر,1
kim,149,کیم,1
tükel,148,تۆکل,1
munı,146,مونې,1
işi,146,ایشی,1
tutsa,145,توتسا,1
yanut,143,یانوت,1
köñli,141,کؤڭلی,1
biliglig,141,بیلیگلیگ,1
séni,137,سینی,1
kıldı,135,قېلدې,1
bodun,134,بۏدون,1
bar,133,بار,1
ukuş,128,اوقوش,1
méni,128,مینی,1
ölüm,128,اؤلۆم,1
tilese,126,تیله‌سه,1
at,126,آت,1
törü,126,تؤرۆ,1
ukuşluğ,125,اوقوشلوغ,1
ötrü,124,اؤترۆ,1
sözi,123,سؤزی,1
bağırsak,123,باغېرساق,1
başı,118,باشې,1
kişike,118,کیشیکه,1
él,118,ایل,1
asğı,118,آسغې,1
uluğ,117,اولوغ,1
kılur,115,قېلور,1
turup,115,توروپ,1
işke,114,ایشکه,1
kara,110,قارا,1
yağı,108,یاغې,1
tilin,108,تیلین,1
özi,107,اؤزی,1
ma,106,ما,1
tilek,105,تیلک,1
me,103,مه,1
adın,103,آدېن,1
kılsa,103,قېلسا,1
yakın,102,یاقېن,1
ögdülmişke,102,اؤگدۆلمیشکه,1
çın,99,چېن,1
körse,98,کؤرسه,1
yüz,97,یۆز,1
uzun,97,اوزون,1
ayâ,96,آیا,1
yalñuk,95,یالڭوق,1
miñ,95,میڭ,1
sözüm,95,سؤزۆم,1
odğurmış,93,اۏدغورمېش,1
üçün,92,اۆچۆن,1
til,92,تیل,1
bulur,91,بولور,1
körü,91,کؤرۆ,1
biri,90,بیری,1
kişiler,90,کیشیلر,1
ârzû,90,آرزو,1
kişig,90,کیشیگ,1
yakşı,89,یاقشې,1
anıñ,88,آنېڭ,1
ök,88,اؤک,1
muñar,88,موڭار,1
bitig,88,بیتیگ,1
asığ,88,آسېغ,1
kadaş,88,قاداش,1
kut,86,قوت,1
bér,85,بیر,1
yañlığ,84,یاڭلېغ,1
oğul,84,اۏغول,1
bügü,84,بۆگۆ,1
tép,83,تیپ,1
aymış,83,آیمېش,1
sözin,83,سؤزین,1
bardı,83,باردې,1
devlet,82,دَولت,1
bâb,82,باب,1
bütün,82,بۆتۆن,1
aş,81,آش,1
kılınçı,81,قېلېنچې,1
öze,80,اؤزه,1
közi,80,کؤزی,1
tése,80,تیسه,1
su’âli,79,سؤالی,1
begi,79,بگی,1
yol,79,یۏل,1
tirig,77,تیریگ,1
keldi,77,کلدی,1
tüz,77,تۆز,1
könilik,76,کؤنیلیک,1
telim,76,تلیم,1
yawa,75,یاوا,1
tapuğçı,75,تاپوغچې,1
beglik,75,بگلیک,1
artuk,74,آرتوق,1
silig,74,سیلیگ,1
erdem,73,اردم,1
kanı,72,قانې,1
ayu,72,آیو,1
kelir,71,کلیر,1
kul,71,قول,1
tili,70,تیلی,1
özin,70,اؤزین,1
bolup,70,بۏلوپ,1
belgülüg,70,بلگۆلۆگ,1
meniñ,70,منیڭ,1
kapuğ,69,قاپوغ,1
emgek,69,امگک,1
bilge,69,بیلگه,1
bol,68,بۏل,1
basa,68,باسا,1
özke,68,اؤزکه,1
et,68,ائت,1
arığ,68,آرېغ,1
tur,67,تور,1
kılma,67,قېلما,1
biligsiz,66,بیلیگسیز,1
bilgi,66,بیلگی,1
yırak,65,یېراق,1
küni,65,کۆنی,1
baş,65,باش,1
bolğa,65,بۏلغا,1
ağır,64,آغېر,1
köz,64,کؤز,1
kutı,64,قوتې,1
bilir,63,بیلیر,1
ança,63,آنچا,1
törlüg,62,تؤرلۆگ,1
ajunda,62,آژوندا,1
ara,62,آرا,1
eşit,62,ائشیت,1
bulsa,62,بولسا,1
ermez,61,ایرمز,1
ok,61,اۏق,1
az,61,آز,1
işig,61,ایشیگ,1
cân,60,جان,1
aşnu,59,آشنو,1
kümüş,59,کۆمۆش,1
körüp,58,کؤرۆپ,1
akı,58,آقې,1
tuttı,58,توتتې,1
bodunka,58,بۏدونقا,1
yégü,58,ییگۆ,1
adaş,58,آداش,1
baka,57,باقا,1
bérse,57,بیرسه,1
tegir,57,تگیر,1
bilse,57,بیلسه,1
kılınç,56,قېلېنچ,1
barır,56,بارېر,1
erke,56,ارکه,1
sü,55,سۆ,1
kız,55,قېز,1
andın,55,آندېن,1
keçer,54,کئچر,1
yorı,54,یۏرې,1
anda,54,آندا,1
kolsa,53,قۏلسا,1
kiçig,53,کیچیگ,1
edgülük,52,ائدگۆلۆک,1
altun,52,آلتون,1
bolmaz,52,بۏلماز,1
e,52,ائ,1
du‘â,51,دعا,1
barsa,51,بارسا,1
tutğıl,51,توتغېل,1
sözke,51,سؤزکه,1
terk,51,ترک,1
sakınç,51,ساقېنچ,1
yolı,50,یۏلې,1
seniñ,50,سنیڭ,1
tiler,50,تیلر,1
özün,50,اؤزۆن,1
nelük,50,نه‌لۆک,1
sewinç,50,سئوینچ,1
katığ,50,قاتېغ,1
kişilik,49,کیشیلیک,1
idim,49,ایدیم,1
munu,49,مونو,1
bérsü,49,بیرسۆ,1
yorık,49,یۏرېق,1
âhır,49,آخر,1
tetig,49,تتیگ,1
tatığ,49,تاتېغ,1
uş,48,اوش,1
sakınuk,48,ساقېنوق,1
bolmasa,48,بۏلماسا,1
körklüg,48,کؤرکلۆگ,1
ilke,48,ایلکه,1
tile,47,تیله,1
yawuz,47,یاووز,1
atın,47,آتېن,1
oduğ,47,اۏدوغ,1
tüş,46,تۆش,1
bayatka,46,بایاتقا,1
sewüg,46,سئوۆگ,1
kişide,46,کیشیده,1
bedük,46,بدۆک,1
örü,46,اؤرۆ,1
yüzi,46,یۆزی,1
tap,46,تاپ,1
toldıka,45,تۏلدېقا,1
sewinçin,45,سئوینچین,1
talu,45,تالو,1
ersig,45,ارسیگ,1
tegse,45,تگسه,1
meñzetü,45,مڭزتۆ,1
ölümke,45,اؤلۆمکه,1
élig,44,ایلیگ,1
kédin,44,کیدین,1
açığ,44,آچېغ,1
erig,44,اریگ,1
ög,44,اؤگ,1
bil,44,بیل,1
kür,44,کۆر,1
açtı,44,آچتې,1
işin,44,ایشین,1
kaldı,44,قالدې,1
yérke,44,ییرکه,1
kirdi,44,کیردی,1
odğurmışka,43,اۏدغورمېشقا,1
tümen,43,تۆمن,1
künde,43,کۆنده,1
tüzün,43,تۆزۆن,1
kılğu,43,قېلغو,1
ot,43,اۏت,1
içgü,43,ایچگۆ,1
birisi,42,بیریسی,1
unıtma,42,اونېتما,1
bérür,42,بیرۆر,1
yérde,42,ییرده,1
ülüg,42,اۆلۆگ,1
erki,42,ارکی,1
üç,42,اۆچ,1
tegdi,41,تگدی,1
hâcib,41,حاجب,1
neteg,41,نه‌تگ,1
tapuğka,41,تاپوغقا,1
amul,41,آمول,1
yarın,41,یارېن,1
tutğu,41,توتغو,1
tilep,41,تیلپ,1
kadğu,41,قادغو,1
toña,40,تۏڭا,1
suw,40,سوو,1
kötürdi,40,کؤتۆردی,1
kalır,40,قالېر,1
naru,40,نارو,1
katığlan,40,قاتېغلان,1
küç,40,کۆچ,1
küçün,40,کۆچۆن,1
seniñdin,39,سنیڭدین,1
kayusı,39,قایوسې,1
yorır,39,یۏرېر,1
tüzü,38,تۆزۆ,1
küdezgil,38,کۆدزگیل,1
yüzin,38,یۆزین,1
kelip,38,کلیپ,1
kutun,38,قوتون,1
ig,38,ایگ,1
kılıç,38,قېلېچ,1
atıñ,38,آتېڭ,1
çığay,38,چېغای,1
begke,38,بگکه,1
bolma,38,بۏلما,1
eşitti,38,ائشیتتی,1
teñri,37,تڭری,1
meñü,37,مڭۆ,1
orun,37,اۏرون,1
ölür,37,اؤلۆر,1
körki,37,کؤرکی,1
özüñni,37,اؤزۆڭنی,1
aslı,36,آسلې,0
erej,36,ارژ,1
ni‘met,36,نعمت,1
a,35,آ,1
küle,35,کۆله,1
yaruk,35,یاروق,1
çıktı,35,چېقتې,1
anın,35,آنېن,1
eñ,35,اڭ,1
sanı,35,سانې,1
kimiñ,35,کیمیڭ,1
yası,34,یاسې,1
tutar,34,توتار,1
ögi,34,اؤگی,1
otun,34,اۏتون,1
yarağsız,34,یاراغسېز,1
sözle,34,سؤزله,1
edgüsi,34,ائدگۆسی,1
yorıp,34,یۏرېپ,1
bay,34,بای,1
kulı,34,قولې,1
aça,33,آچا,1
yorığlı,33,یۏرېغلې,1
elgi,33,ائلگی,1
al,33,آل,1
berü,33,بئرۆ,1
osal,33,اۏسال,1
selâm,32,سلام,1
sözler,32,سؤزلر,1
bolğay,32,بۏلغای,1
neñke,32,نڭکه,1
tutçı,32,توتچې,1
vefâ,32,وفا,1
ata,32,آتا,1
özüñke,32,اؤزۆڭکه,1
kelse,32,کلسه,1
süçig,32,سۆچیگ,1
kalur,32,قالور,1
cefâ,32,جفا,1
tok,32,تۏق,1
kayda,31,قایدا,1
yıl,31,یېل,1
idisi,31,ایدیسی,1
kend,31,کند,1
ağırlık,31,آغېرلېق,1
işler,31,ایشلر,1
buldı,31,بولدې,1
tilekin,31,تیلکین,1
bodnı,31,بۏدنې,1
yése,31,ییسه,1
tapğı,31,تاپغې,1
sözün,30,سؤزۆن,1
kaç,30,قاچ,1
saw,30,ساو,1
yayığ,30,یایېغ,1
usa,30,اوسا,1
bolsu,30,بۏلسو,1
sözni,30,سؤزنی,1
mundağ,30,مونداغ,1
yégitlik,30,ییگیتلیک,1
itig,30,ایتیگ,1
aldı,30,آلدې,1
tuşı,30,توشې,1
seniñde,30,سنیڭده,1
itlür,30,ایتلۆر,1
uluğluk,29,اولوغلوق,1
tört,29,تؤرت,1
kılık,29,قېلېق,1
séziksiz,29,سیزیکسیز,1
anuk,29,آنوق,1
küsüş,29,کۆسۆش,1
meniñdin,29,منیڭدین,1
kuruğ,29,قوروغ,1
işte,29,ایشته,1
sözledim,29,سؤزله‌دیم,1
ağı,29,آغې,1
kalın,29,قالېن,1
kaçan,29,قاچان,1
közin,29,کؤزین,1
tüpi,29,تۆپی,1
ilde,29,ایلده,1
yalawaç,28,یالاواچ,1
éli,28,ایلی,1
bulup,28,بولوپ,1
halkka,28,خلققا,1
kéñ,28,کیڭ,1
munda,28,موندا,1
bularda,28,بولاردا,1
yağıka,28,یاغېقا,1
aydım,28,آیدېم,1
isizke,28,ایسیزکه,1
tutup,28,توتوپ,1
anıñdın,28,آنېڭدېن,1
turu,28,تورو,1
sakın,28,ساقېن,1
ilçi,28,ایلچی,1
kılıp,27,قېلېپ,1
tegme,27,تگمه,1
içinde,27,ایچینده,1
tüze,27,تۆزه,1
berk,27,برک,1
toğdı,27,تۏغدې,1
yaşıl,27,یاشېل,1
neñin,27,نڭین,1
tuçı,27,توچې,1
bolu,27,بۏلو,1
esen,27,اسن,1
sözlese,27,سؤزله‌سه,1
otı,27,اۏتې,1
kaçar,27,قاچار,1
bor,27,بۏر,1
eşittim,27,ائشیتتیم,1
uz,27,اوز,1
işiñ,27,ایشیڭ,1
kodtı,27,قۏدتې,1
katılma,27,قاتېلما,1
kök,26,کؤک,1
öziñe,26,اؤزیڭه,1
kerekin,26,کیرکین,1
başlar,26,باشلار,1
yağız,26,یاغېز,1
törütti,26,تؤرۆتتی,1
tuş,26,توش,1
köñülke,26,کؤڭۆلکه,1
utru,26,اوترو,1
kimke,26,کیمکه,1
yük,26,یۆک,1
okı,26,اۏقې,1
yañı,26,یاڭې,1
kılğa,26,قېلغا,1
kirse,26,کیرسه,1
yakınlık,26,یاقېنلېق,1
uktum,26,اوقتوم,1
edgüke,26,ائدگۆکه,1
ölümüg,26,اؤلۆمۆگ,1
bulun,26,بولون,1
ögdi,25,اؤگدی,1
ikigün,25,ایکیگۆن,1
ıdtı,25,اېدتې,1
yuluğ,25,یولوغ,1
uwutluğ,25,اوووتلوغ,1
tolu,25,تۏلو,1
kesti,25,کستی,1
tilekke,25,تیلککه,1
eren,25,ارن,1
şâ‘ir,25,شاعر,1
negüke,25,نه‌گۆکه,1
terkin,25,ترکین,1
teñsiz,25,تڭسیز,1
neñi,25,نڭی,1
külüg,25,کۆلۆگ,1
havâ,25,هاوا,1
kimi,24,کیمی,1
tüp,24,تۆپ,1
munıñ,24,مونېڭ,1
kolur,24,قۏلور,1
tün,24,تۆن,1
koldı,24,قۏلدې,1
üdrüm,24,اۆدرۆم,1
dîn,24,دین,1
kızıl,24,قېزېل,1
ajunka,24,آژونقا,1
yatur,24,یاتور,1
kökke,24,کؤککه,1
ajunuğ,24,آژونوغ,1
yég,24,ییگ,1
küçi,24,کۆچی,1
sözlemiş,24,سؤزله‌میش,1
sakış,24,ساقېش,1
oğlan,24,اۏغلان,1
kördi,24,کؤردی,1
ewke,24,ائوکه,1
yanutı,24,یانوتې,1
kodup,24,قۏدوپ,1
vezîr,23,وزیر,1
oñay,23,اۏڭای,1
başın,23,باشېن,1
ma‘nî,23,معنی,1
aşka,23,آشقا,1
üdlek,23,اۆدلک,1
taş,23,تاش,1
bayattın,23,بایاتتېن,1
sewinçi,23,سئوینچی,1
tü,23,تۆ,1
kuş,23,قوش,1
yölek,23,یؤلک,1
ornı,23,اۏرنې,1
tilig,23,تیلیگ,1
sak,23,ساق,1
kördüm,23,کؤردۆم,1
ayayın,23,آیایېن,1
tutğuçı,23,توتغوچې,1
sınamış,23,سېنامېش,1
olar,23,اۏلار,1
üd,23,اۆد,1
yaşı,23,یاشې,1
öñi,23,اؤڭی,1
elgin,23,ائلگین,1
yoduğ,23,یۏدوغ,1
tusulur,23,توسولور,1
emi,23,ائمی,0
usanma,23,اوسانما,1
içse,23,ایچسه,1
urup,22,اوروپ,1
kuluğ,22,قولوغ,1
kumaru,22,قومارو,1
biligli,22,بیلیگلی,1
erdim,22,ایردیم,1
ürüñ,22,اۆرۆڭ,1
munça,22,مونچا,1
uwut,22,اوووت,1
tilekim,22,تیلکیم,1
ölse,22,اؤلسه,1
yédi,22,ییدی,1
munıñda,22,مونېڭدا,1
alın,22,آلېن,1
erken,22,ارکن,1
téyü,22,تییۆ,1
ulı,22,اولې,1
yattı,22,یاتتې,1
ayıttı,22,آیېتتې,1
kodkı,22,قۏدقې,1
yazuk,22,یازوق,1
suk,22,سوق,1
boğuz,22,بۏغوز,1
irig,22,ایریگ,1
üçünçi,21,اۆچۆنچی,1
uluş,21,اولوش,1
karşı,21,قارشې,1
küdezgü,21,کۆدزگۆ,1
alp,21,آلپ,1
kılmış,21,قېلمېش,1
öt,21,اؤت,1
bitigçi,21,بیتیگچی,1
tapa,21,تاپا,1
bodunda,21,بۏدوندا,1
yaşık,21,یاشېق,1
edgülükke,21,ائدگۆلۆککه,1
ursa,21,اورسا,1
yılkı,21,یېلقې,1
körür,21,کؤرۆر,1
teñi,21,تڭی,1
yalñuz,21,یالڭوز,1
keçürmiş,21,کئچۆرمیش,1
boyun,21,بۏیون,1
alır,21,آلېر,1
kéçe,21,کیچه,1
sözledi,21,سؤزله‌دی,1
üdi,21,اۆدی,1
kéç,21,کیچ,1
nerek,21,نه‌رک,1
küdezse,21,کۆدزسه,1
egri,21,اگری,1
meger,21,مگر,1
munukı,21,مونوقې,1
hakı,20,حقی,1
yürek,20,یۆرک,1
ermiş,20,ایرمیش,1
közüñ,20,کؤزۆڭ,1
barğu,20,بارغو,1
kadaşı,20,قاداشې,1
koptı,20,قۏپتې,1
yaş,20,یاش,1
aç,20,آچ,1
inçke,20,اینچکه,1
anıñda,20,آنېڭدا,1
bilip,20,بیلیپ,1
öldi,20,اؤلدی,1
tutma,20,توتما,1
uçuz,20,اوچوز,1
tegip,20,تگیپ,1
küniñe,20,کۆنیڭه,1
ögdülmişig,20,اؤگدۆلمیشیگ,1
tâ‘at,20,طاعت,1
yorısa,20,یۏرېسا,1
kılayın,20,قېلایېن,1
tilekiñ,20,تیلکیڭ,1
tirilgil,20,تیریلگیل,1
atım,20,آتېم,1
bağırsaklıkın,20,باغېرساقلېقېن,1
hakın,20,حقین,1
közün,20,کؤزۆن,1
ögün,20,اؤگۆن,1
ewre,20,ائوره,1
kol,20,قۏل,1
küdez,20,کۆدز,1
halâl,20,حلال,1
oğlı,19,اۏغلې,1
alıp,19,آلېپ,1
hazîneˆ,19,خزینه,1
yoluğ,19,یۏلوغ,1
muñluğ,19,موڭلوغ,1
kodı,19,قۏدې,1
urdı,19,اوردې,1
baksa,19,باقسا,1
yandru,19,یاندرو,1
işim,19,ایشیم,1
udu,19,اودو,1
yat,19,یات,1
turdı,19,توردې,1
okıdı,19,اۏقېدې,1
bakın,19,باقېن,1
barır-men,19,بارېرمن,1
unur,19,اونور,1
bilgü,19,بیلگۆ,1
yalğan,19,یالغان,1
meñzer,19,مڭزر,1
bérgüçi,19,بیرگۆچی,1
kéñeş,19,کیڭش,1
oza,18,اۏزا,1
teñiz,18,تڭیز,1
kereklig,18,کیرکلیگ,1
azu,18,آزو,1
yas,18,یاس,1
tanuk,18,تانوق,1
kalık,18,قالېق,1
kutka,18,قوتقا,1
boynı,18,بۏینې,1
kılk,18,قېلق,1
sözümni,18,سؤزۆمنی,1
asğın,18,آسغېن,1
ağu,18,آغو,1
künüñ,18,کۆنۆڭ,1
adakın,18,آداقېن,1
kodu,18,قۏدو,1
işni,18,ایشنی,1
bilin,18,بیلین,1
kılın,18,قېلېن,1
öglüg,18,اؤگلۆگ,1
tuz,18,توز,1
tawar,18,تاوار,1
yetrü,18,یئترۆ,1
sewindi,18,سئویندی,1
séndin,18,سیندین,1
bilmese,18,بیلمه‌سه,1
adra,18,آدرا,1
süzük,18,سۆزۆک,1
kirür,18,کیرۆر,1
aşı,18,آشې,1
tevfîk,18,تَوفیق,1
birge,18,بیرگه,1
öñdi,18,اؤڭدی,1
ölüg,18,اؤلۆگ,1
alsa,18,آلسا,1
kadaşım,18,قاداشېم,1
kitâb,17,کیتاب,1
ikinçi,17,ایکینچی,1
ordu,17,اۏردو,1
öñin,17,اؤڭین,1
öñdün,17,اؤڭدۆن,1
küler,17,کۆلر,1
tilemiş,17,تیله‌میش,1
teñ,17,تڭ,1
kılğuçı,17,قېلغوچې,1
tursa,17,تورسا,1
méndin,17,میندین,1
fazlı,17,فضلی,1
tolum,17,تۏلوم,1
kiçigke,17,کیچیگکه,1
isig,17,ایسیگ,1
kur,17,قور,1
ayıtğu,17,آیېتغو,1
yüzüm,17,یۆزۆم,1
tilegli,17,تیلگلی,1
tegrür,17,تگرۆر,1
bolayın,17,بۏلایېن,1
ülgi,17,اۆلگی,1
bérgü,17,بیرگۆ,1
yé,17,یی,1
kılığlı,16,قېلېغلې,1
şükür,16,شکر,1
ukuşsuz,16,اوقوشسوز,1
pend,16,پند,1
ediz,16,ائدیز,1
yaruttı,16,یاروتتې,1
alçak,16,آلچاق,1
bular,16,بولار,1
köki,16,کؤکی,1
sunup,16,سونوپ,1
kapuğda,16,قاپوغدا,1
yarudı,16,یارودې,1
kalsa,16,قالسا,1
tüzer,16,تۆزر,1
yılın,16,یېلېن,1
apa,16,آپا,1
élke,16,ایلکه,1
kıldıñ,16,قېلدېڭ,1
tuğsa,16,توغسا,1
kıldım,16,قېلدېم,1
künüm,16,کۆنۆم,1
açıldı,16,آچېلدې,1
saklık,16,ساقلېق,1
itse,16,ایتسه,1
barayın,16,بارایېن,1
kirip,16,کیریپ,1
yégrek,16,ییگرک,1
bolğu,16,بۏلغو,1
tutayın,16,توتایېن,1
ewiñe,16,ائویڭه,1
mindi,16,میندی,1
suwı,16,سووې,1
akru,16,آقرو,1
köñlin,16,کؤڭلین,1
bérge,16,بیرگه,1
saknu,16,ساقنو,1
bulunsa,16,بولونسا,1
ögdülmişe,16,اؤگدۆلمیشه,1
bérme,16,بیرمه,1
idişçi,16,ایدیشچی,1
kadaşıñ,16,قاداشېڭ,1
kişidin,15,کیشیدین,1
yarağlığ,15,یاراغلېغ,1
üdinde,15,اۆدینده,1
bütünlük,15,بۆتۆنلۆک,1
on,15,اۏن,1
‘ukbî,15,عقبی,1
erklig,15,ارکلیگ,1
üdrümi,15,اۆدرۆمی,1
sarığ,15,سارېغ,1
badı,15,بادې,1
kel,15,کل,1
tilim,15,تیلیم,1
söküş,15,سؤکۆش,1
yorıdı,15,یۏرېدې,1
biligsizke,15,بیلیگسیزکه,1
koldaş,15,قۏلداش,1
köñlüm,15,کؤڭلۆم,1
tirildi,15,تیریلدی,1
bek,15,بک,1
itti,15,ایتتی,1
başlasa,15,باشلاسا,1
erür,15,ایرۆر,1
ulap,15,اولاپ,1
tapınsa,15,تاپېنسا,1
ayğıl,15,آیغېل,1
yüzüñ,15,یۆزۆڭ,1
kötürse,15,کؤتۆرسه,1
yinçge,15,یینچگه,1
yağuk,15,یاغوق,1
tuğar,15,توغار,1
körgil,15,کؤرگیل,1
begiñe,15,بگیڭه,1
içi,15,ایچی,1
ökünç,15,اؤکۆنچ,1
artatur,15,آرتاتور,1
tileme,15,تیله‌مه,1
ıdsa,15,اېدسا,1
tegür,15,تگۆر,1
tiril,15,تیریل,1
kotu,15,قۏتو,1
namâz,15,ناماز,1
kamuğka,14,قاموغقا,1
apañ,14,آپاڭ,1
çerig,14,چئریگ,1
sewer,14,سئور,1
okıp,14,اۏقېپ,1
bitip,14,بیتیپ,1
bolmış,14,بۏلمېش,1
tegürgil,14,تگۆرگیل,1
barın,14,بارېن,1
yüki,14,یۆکی,1
kozı,14,قۏزې,1
bütrü,14,بۆترۆ,1
küsi,14,کۆسی,1
meñiz,14,مڭیز,1
usı,14,اوسې,1
kayuka,14,قایوقا,1
bayatım,14,بایاتېم,1
bulmış,14,بولمېش,1
barı,14,بارې,1
burun,14,بورون,1
isizlik,14,ایسیزلیک,1
artar,14,آرتار,1
açılğay,14,آچېلغای,1
küyer,14,کۆیر,1
ağırladı,14,آغېرلادې,1
yaraşur,14,یاراشور,1
işiñe,14,ایشیڭه,1
kutluğ,14,قوتلوغ,1
açuk,14,آچوق,1
tileki,14,تیلکی,1
keldim,14,کلدیم,1
ınanma,14,اېنانما,1
kılkım,14,قېلقېم,1
yéyü,14,یییۆ,1
çıkar,14,چېقار,1
uçuzluk,14,اوچوزلوق,1
yiti,14,ییتی,1
belgüsi,14,بلگۆسی,1
meniñde,14,منیڭده,1
etmek,14,ائتمک,1
tüñül,14,تۆڭۆل,1
tirilse,14,تیریلسه,1
ıdma,14,اېدما,1
kolma,14,قۏلما,1
selâmet,14,سلامت,1
halk,14,خلق,1
ögrenür,14,اؤگرنۆر,1
ortu,14,اۏرتو,1
andağ,14,آنداغ,1
olarka,14,اۏلارقا,1
muyan,14,مویان,1
zâhid,14,زاهد,1
tiledi,13,تیله‌دی,1
kılmadı,13,قېلمادې,1
içre,13,ایچره,1
yarar,13,یارار,1
tirilgü,13,تیریلگۆ,1
seçe,13,سئچه,1
başçısı,13,باشچېسې,1
bedüklük,13,بدۆکلۆک,1
iç,13,ایچ,1
sözüñ,13,سؤزۆڭ,1
kılğıl,13,قېلغېل,1
kolup,13,قۏلوپ,1
tadu,13,تادو,1
sewindür,13,سئویندۆر,1
üdte,13,اۆدته,1
erdiñ,13,ایردیڭ,1
keligli,13,کلیگلی,1
vefâlığ,13,وفالېغ,1
uruğ,13,اوروغ,1
tüker,13,تۆکر,1
ewde,13,ائوده,1
özni,13,اؤزنی,1
yél,13,ییل,1
çoğı,13,چۏغې,1
ukuşka,13,اوقوشقا,1
it,13,ایت,1
sözde,13,سؤزده,1
aysa,13,آیسا,1
yawlak,13,یاولاق,1
başında,13,باشېندا,1
elgiñ,13,ایلگیڭ,1
okısa,13,اۏقېسا,1
kalem,13,قلم,1
kayuda,13,قایودا,1
ton,13,تۏن,1
buşı,13,بوشې,1
arığsız,13,آرېغسېز,1
kısğa,13,قېسغا,1
ökünçün,13,اؤکۆنچۆن,1
odğırmış,13,اۏدغېرمېش,1
yolın,13,یۏلېن,1
kelgey,13,کلگَی,1
adak,13,آداق,1
keçip,13,کئچیپ,1
yazukum,13,یازوقوم,1
sınap,13,سېناپ,1
yağığ,13,یاغېغ,1
kurı,13,قورې,1
tüşti,13,تۆشتی,1
kişiniñ,13,کیشینیڭ,1
barmu,13,بارمو,1
tüşüp,13,تۆشۆپ,1
açar,13,آچار,1
bérdim,13,بیردیم,1
ukup,13,اوقوپ,1
uk,13,اوق,1
sewinçlig,13,سئوینچلیگ,1
keçti,13,کئچتی,1
ögüz,13,اؤگۆز,1
cevâb,13,جواب,1
bod,13,بۏد,1
ıdtım,13,اېدتېم,1
yégli,13,ییگلی,1
beytig,13,بیتیگ,1
boğuzı,13,بۏغوزې,1
tutmasa,13,توتماسا,1
umınç,13,اومېنچ,1
katılmaknı,13,قاتېلماقنې,1
ölümde,13,اؤلۆمده,1
bularnıñ,13,بولارنېڭ,1
ağırla,13,آغېرلا,1
ve,12,و,1
törütgen,12,تؤرۆتگن,1
ulam,12,اولام,1
ma‘nîsi,12,معنیسی,1
bilür,12,بیلۆر,1
siyâset,12,سیاست,1
kılmışın,12,قېلمېشېن,1
edgürek,12,ائدگۆره‌ک,1
boduğ,12,بۏدوغ,1
tağ,12,تاغ,1
kesildi,12,کسیلدی,1
yüreklig,12,یۆرکلیگ,1
uçar,12,اوچار,1
üni,12,اۆنی,1
kitti,12,کیتتی,1
şükri,12,شکری,1
sewe,12,سئوه,1
arslan,12,آرسلان,1
erde,12,ارده,1
biligke,12,بیلیگکه,1
sözüñni,12,سؤزۆڭنی,1
sözleme,12,سؤزله‌مه,1
mesel,12,مثل,1
yatsa,12,یاتسا,1
kılınçın,12,قېلېنچېن,1
mün,12,مۆن,1
iz,12,ایز,1
tilde,12,تیلده,1
isizler,12,ایسیزلر,1
üdün,12,اۆدۆن,1
iter,12,ایتر,1
okığıl,12,اۏقېغېل,1
iwe,12,ایوه,1
yazukluğ,12,یازوقلوغ,1
ikigü,12,ایکیگۆ,1
kızğu,12,قېزغو,1
açsa,12,آچسا,1
sığıt,12,سېغېت,1
otka,12,اۏتقا,1
himmet,12,همّت,1
kese,12,کسه,1
barıp,12,بارېپ,1
yañ,12,یاڭ,1
uluğka,12,اولوغقا,1
buzar,12,بوزار,1
tapın,12,تاپېن,1
közüm,12,کؤزۆم,1
tégüçi,12,تیگۆچی,1
tutmaz,12,توتماز,1
ayı,12,آیې,1
karı,12,قارې,1
büt,12,بۆت,1
bayusa,12,بایوسا,1
ew,12,ائو,1
uwutsuz,12,اوووتسوز,1
katılsa,12,قاتېلسا,1
berge,12,بئرگه,1
asığlığ,12,آسېغلېغ,1
öçün,12,اؤچۆن,1
kapğı,12,قاپغې,1
inçin,12,اینچین,1
itildi,12,ایتیلدی,1
batığ,12,باتېغ,1
çığayka,12,چېغایقا,1
erejke,12,ارژکه,1
kisi,12,کیسی,1
bildiñ,12,بیلدیڭ,1
üle,12,اۆله,1
emgeki,12,امگکی,1
yétür,12,ییتۆر,1
kod,12,قۏد,1
tusulmaz,12,توسولماز,1
yarlığ,12,یارلېغ,1
bérgil,12,بیرگیل,1
tatğı,12,تاتغې,1
kereksiz,12,کیرکسیز,1
ölüp,12,اؤلۆپ,1
yolda,12,یۏلدا,1
kelge,12,کلگه,1
bularığ,12,بولارېغ,1
çawı,11,چاوې,1
biligligke,11,بیلیگلیگکه,1
biligdin,11,بیلیگدین,1
ka,11,قا,1
tegi,11,تگی,1
şeksiz,11,شکسیز,1
uzatma,11,اوزاتما,1
talusı,11,تالوسې,1
yolka,11,یۏلقا,1
tuttum,11,توتتوم,1
ködrümi,11,کؤدرۆمی,1
kopar,11,قۏپار,1
ünün,11,اۆنۆن,1
bakıp,11,باقېپ,1
tul,11,تول,1
ötündüm,11,اؤتۆندۆم,1
arka,11,آرقا,1
tuta,11,توتا,1
köreyin,11,کؤره‌یین,1
bolmağınça,11,بۏلماغېنچا,1
bulmadım,11,بولمادېم,1
birer,11,بیرر,1
ağın,11,آغېن,1
ur,11,اور,1
toğuğlı,11,تۏغوغلې,1
sözlegü,11,سؤزله‌گۆ,1
kança,11,قانچا,1
yérig,11,ییریگ,1
bedür,11,بدۆر,1
urur,11,اورور,1
aşığ,11,آشېغ,1
tegürdi,11,تگۆردی,1
kılğay,11,قېلغای,1
kalmış,11,قالمېش,1
yügrür,11,یۆگرۆر,1
kılumaz,11,قېلوماز,1
katın,11,قاتېن,1
kılkın,11,قېلقېن,1
keçürdi,11,کئچۆردی,1
kulak,11,قولاق,1
osallık,11,اۏساللېق,1
yorıkı,11,یۏرېقې,1
sarp,11,سارپ,1
tolur,11,تۏلور,1
küwenme,11,کۆونمه,1
tözi,11,تؤزی,1
bulmaz,11,بولماز,1
serin,11,سرین,1
kulluk,11,قوللوق,1
yalñuzun,11,یالڭوزون,1
tüşte,11,تۆشته,1
erk,11,ارک,1
bérdiñ,11,بیردیڭ,1
sözlediñ,11,سؤزله‌دیڭ,1
tegmez,11,تگمز,1
yumıtsa,11,یومېتسا,1
körür-men,11,کؤرۆرمن,1
küçkey,11,کۆچکَی,1
belâ,11,بلا,1
sebeb,11,سبب,1
mihnet,11,محنت,1
akılık,11,آقېلېق,1
tişi,11,تیشی,1
urı,11,اورې,1
inç,11,اینچ,1
karşıka,11,قارشېقا,1
sakındı,11,ساقېندې,1
kılmağıl,11,قېلماغېل,1
havâka,11,هواقا,1
açıp,11,آچېپ,1
ölügli,11,اؤلۆگلی,1
tiriglikke,11,تیریگلیککه,1
kodsa,11,قۏدسا,1
artasa,11,آرتاسا,1
ilin,11,ایلین,1
fesâd,11,فساد,1
azrak,11,آزراق,1
karın,11,قارېن,1
olarda,11,اۏلاردا,1
ögren,11,اؤگرن,1
hâli,11,حالی,1
yüdüp,11,یۆدۆپ,1
müsülmân,11,مسلمان,1
için,10,ایچین,1
sansız,10,سانسېز,1
bérip,10,بیریپ,1
kamuğda,10,قاموغدا,1
açın,10,آچېن,1
bérmez,10,بیرمز,1
özele,10,اؤزه‌له,1
bularnı,10,بولارنې,1
beglerke,10,بگلرکه,1
tédi,10,تیدی,1
bolğıl,10,بۏلغېل,1
toğardın,10,تۏغاردېن,1
okır,10,اۏقېر,1
çéçek,10,چیچک,1
ewren,10,ائورن,1
tındı,10,تېندې,1
tezginür,10,تیزگینۆر,1
sakınçın,10,ساقېنچېن,1
baktı,10,باقتې,1
ud,10,اود,1
tügün,10,تۆگۆن,1
kimde,10,کیمده,1
belgü,10,بلگۆ,1
taşı,10,تاشې,1
ölgü,10,اؤلگۆ,1
tör,10,تؤر,1
élde,10,ایلده,1
tüzse,10,تۆزسه,1
ağar,10,آغار,1
emger,10,امگر,1
körügli,10,کؤرۆگلی,1
tapuğsuz,10,تاپوغسوز,1
irsel,10,ایرسل,1
mürüvvet,10,مروّت,1
basut,10,باسوت,1
işlese,10,ایشله‌سه,1
köp,10,کؤپ,1
ülüş,10,اۆلۆش,1
başladı,10,باشلادې,1
arttı,10,آرتتې,1
böri,10,بؤری,1
yadıldı,10,یادېلدې,1
atlığ,10,آتلېغ,1
tapğıña,10,تاپغېڭا,1
tüşün,10,تۆشۆن,1
köñlüñ,10,کؤڭلۆڭ,1
ıdıp,10,اېدېپ,1
ötündi,10,اؤتۆندی,1
beyt,10,بِیت,1
atañ,10,آتاڭ,1
sakal,10,ساقال,1
bileyin,10,بیله‌یین,1
yañlığ-turur,10,یاڭلېغ تورور,1
ewi,10,ائوی,1
ıd,10,اېد,1
tikti,10,تیکتی,1
şeker,10,شَکَر,1
tañ,10,تاڭ,1
aydıñ,10,آیدېڭ,1
eri,10,اری,1
begin,10,بگین,1
toğa,10,تۏغا,1
katında,10,قاتېندا,1
edgüg,10,ائدگۆگ,1
neñ-turur,10,نڭ تورور,1
hakîkat,10,حقیقت,1
saran,10,ساران,1
todsa,10,تۏدسا,1
küder,10,کۆدر,1
otaçı,10,اۏتاچې,1
dünyâka,10,دۆنیاقا,1
başka,10,باشقا,1
ökündi,10,اؤکۆندی,1
ayur-men,10,آیورمن,1
oğlın,10,اۏغلېن,1
atası,10,آتاسې,1
ulır,10,اولېر,1
yetilse,10,یئتیلسه,1
kiçigde,10,کیچیگده,1
ınansa,10,اېنانسا,1
yıra,10,یېرا,1
sırrı,10,سېرّې,1
odun,10,اۏدون,1
örüg,10,اؤرۆگ,1
tusulğu,10,توسولغو,1
yuluğlar,10,یولوغلار,1
öge,10,اؤگه,1
kelür,10,کلۆر,1
yağıçı,10,یاغېچې,1
inçlik,10,اینچلیک,1
tetiglik,10,تتیگلیک,1
meñzi,10,مڭزی,1
boğuzka,10,بۏغوزقا,1
katılğu,10,قاتېلغو,1
yundı,10,یوندې,1
katılğıl,10,قاتېلغېل,1
ü,9,و,1
yégi,9,ییگی,1
han,9,هان,1
türkçe,9,تۆرکچه,1
uğan,9,اوغان,1
imîn,9,امین,1
bilümez,9,بیلۆمز,1
urmış,9,اورمېش,1
hîleˆ,9,حیله,1
düşmân,9,دۆشمان,1
çıkıp,9,چېقېپ,1
hürmeti,9,حرمتی,1
ögdisin,9,اؤگدیسین,1
erdükin,9,ایردۆکین,1
erdemin,9,ایرده‌مین,1
ağıçı,9,آغېچې,1
törüsin,9,تؤرۆسین,1
ziyâret,9,زیارت,1
yazı,9,یازې,1
sawçı,9,ساوچې,1
bularka,9,بولارقا,1
yandı,9,یاندې,1
kin,9,کین,1
tüzdi,9,تۆزدی,1
yazdı,9,یازدې,1
yağısın,9,یاغېسېن,1
ârzûlar,9,آرزولار,1
tuğdı,9,توغدې,1
üçi,9,اۆچی,1
alur,9,آلور,1
başıñ,9,باشېڭ,1
bışığ,9,بېشېغ,1
esenlik,9,اسنلیک,1
kor,9,قۏر,1
çıksa,9,چېقسا,1
keçig,9,کئچیگ,1
begleri,9,بگلری,1
bodunuğ,9,بۏدونوغ,1
erdemi,9,اردمی,1
baylık,9,بایلېق,1
tilekçe,9,تیلکچه,1
öwke,9,اؤوکه,1
siliglik,9,سیلیگلیک,1
éltür,9,ایلتۆر,1
arkuk,9,آرقوق,1
yarınkı,9,یارېنقې,1
küwez,9,کۆوز,1
ağrığ,9,آغرېغ,1
bedüse,9,بدۆسه,1
yumşak,9,یومشاق,1
serip,9,سریپ,1
sır,9,سېر,1
kedti,9,کئدتی,1
kapuğka,9,قاپوغقا,1
‘aybı,9,عیبی,1
oñ,9,اۏڭ,1
yarağı,9,یاراغې,1
oldurdı,9,اۏلدوردې,1
tapuğda,9,تاپوغدا,1
kelgil,9,کلگیل,1
kutuldı,9,قوتولدې,1
velîkin,9,ولکن,1
boşlağ,9,بۏشلاغ,1
kiter,9,کیتر,1
yitürdüm,9,ییتۆردۆم,1
eksümez,9,اکسۆمز,1
kulka,9,قولقا,1
müni,9,مۆنی,1
kılmaz,9,قېلماز,1
ereji,9,ارژی,1
çını,9,چېنې,1
ulıp,9,اولېپ,1
bolmağıl,9,بۏلماغېل,1
kırtışı,9,قېرتېشې,1
bilmiş,9,بیلمیش,1
ayğuçı,9,آیغوچې,1
bilgüçi,9,بیلگۆچی,1
keçürgey,9,کئچۆرگَی,1
neñiñ,9,نئڭیڭ,1
teggey,9,تگگَی,1
içme,9,ایچمه,1
erter,9,ارتیر,1
kötürme,9,کؤتۆرمه,1
belgüsüz,9,بلگۆسۆز,1
yatıp,9,یاتېپ,1
egin,9,اگین,1
kalmaz,9,قالماز,1
toku,9,تۏقو,1
tetrü,9,تترۆ,1
kelü,9,کلۆ,1
tigü,9,تیگۆ,1
işçi,9,ایشچی,1
ülgülüg,9,اۆلگۆلۆگ,1
sıñar,9,سېڭار,1
bérmese,9,بیرمه‌سه,1
yorıtsa,9,یۏرېتسا,1
itgü,9,ایتگۆ,1
buzdı,9,بوزدې,1
yağıda,9,یاغېدا,1
törülüg,9,تؤرۆلۆگ,1
böke,9,بؤکه,1
bulmasa,9,بولماسا,1
künki,9,کۆنکی,1
örlep,9,اؤرله‌پ,1
satığçı,9,ساتېغچې,1
kadaşka,9,قاداشقا,1
töşek,9,تؤشک,1
udıp,9,اودېپ,1
nefs,9,نفس,1
ayıt,9,آیېت,1
türk,8,تۆرک,1
bolsun,8,بۏلسون,1
‘azîz,8,عزیز,1
kitâbnı,8,کتابنې,1
okığlı,8,اۏقېغلې,1
buğra,8,بوغرا,1
yémez,8,ییمز,1
kaşı,8,قاشې,1
uluğlar,8,اولوغلار,1
ukar,8,اوقار,1
yüzini,8,یۆزینی,1
temâm,8,تمام,1
ağırlar,8,آغېرلار,1
yéti,8,ییتی,1
ıdmışın,8,اېدمېشېن,1
ewlik,8,ائولیک,1
bérmişin,8,بیرمیشین,1
senâ,8,ثنا,1
bediz,8,بدیز,1
tiliñ,8,تیلیڭ,1
tuttaçı,8,توتتاچې,1
yula,8,یولا,1
karañku,8,قاراڭقو,1
basutçı,8,باسوتچې,1
yazıldı,8,یازېلدې,1
kuğu,8,قوغو,1
içer,8,ایچر,1
kan,8,قان,1
hakan,8,خاقان,1
yeter,8,یئتر,1
tapnur,8,تاپنور,1
bitise,8,بیتیسه,1
yarutur,8,یاروتور,1
oğlanı,8,اۏغلانې,1
yorıttı,8,یۏرېتتې,1
sözlemese,8,سؤزله‌مه‌سه,1
kılınçıñ,8,قېلېنچېڭ,1
azar,8,آزار,1
tutğuka,8,توتغوقا,1
tutmış,8,توتمېش,1
tirigke,8,تیریگکه,1
olarığ,8,اۏلارېغ,1
télve,8,تیلوه,1
kizlese,8,کیزله‌سه,1
yakma,8,یاقما,1
otunluk,8,اۏتونلوق,1
öknür,8,اؤکنۆر,1
tegürse,8,تگۆرسه,1
yawalık,8,یاوالېق,1
keçür,8,کئچۆر,1
ewrer,8,ائورر,1
bulmadı,8,بولمادې,1
isizig,8,ایسیزیگ,1
eştip,8,ائشتیپ,1
öpti,8,اؤپتی,1
ters,8,ترس,1
yarlıkağıl,8,یارلېقاغېل,1
bilmişin,8,بیلمیشین,1
özüñde,8,اؤزۆڭده,1
kerekiñ,8,کیرکیڭ,1
sewitmiş,8,سئویتمیش,1
açlur,8,آچلور,1
kayudın,8,قایودېن,1
tutun,8,توتون,1
kılınçım,8,قېلېنچېم,1
kılkıñ,8,قېلقېڭ,1
ewdin,8,ائودین,1
tirlür,8,تیرلۆر,1
erte,8,ارته,1
çıkardı,8,چېقاردې,1
uka,8,اوقا,1
oğlum,8,اۏغلوم,1
bulumaz,8,بولوماز,1
turmasa,8,تورماسا,1
iştin,8,ایشتین,1
kamuğdın,8,قاموغدېن,1
ewin,8,ائوین,1
tegürgey,8,تگۆرگَی,1
ötüg,8,اؤتۆگ,1
tokı,8,تۏقې,1
tözüke,8,تؤزۆکه,1
aytur,8,آیتور,1
erinç,8,ارینچ,1
önür,8,اؤنۆر,1
awnur,8,آونور,1
boğuzdın,8,بۏغوزدېن,1
cefâçı,8,جفاچې,1
yalıñ,8,یالېڭ,1
yorıtur,8,یۏرېتور,1
kodtum,8,قۏدتوم,1
süre,8,سۆره,1
eşittiñ,8,ائشیتتیڭ,1
kısa,8,قېسا,1
hükmi,8,حکمی,1
yémi,8,ییمی,1
bas,8,باس,1
çıkış,8,چېقېش,1
awınma,8,آوېنما,1
bütse,8,بۆتسه,1
yetürgil,8,یئتۆرگیل,1
odunmış,8,اۏدونمېش,1
ozakı,8,اۏزاقې,1
kötürgil,8,کؤتۆرگیل,1
ölürde,8,اؤلۆرده,1
unıtmaz,8,اونېتماز,1
yaka,8,یاقا,1
körürde,8,کؤرۆرده,1
kaya,8,قایا,1
öñdisi,8,اؤڭدیسی,1
bitigin,8,بیتیگین,1
uruğluğ,8,اوروغلوغ,1
anut,8,آنوت,1
ardaş,8,آرداش,1
yükin,8,یۆکین,1
yörügi,8,یؤرۆگی,1
tapuğsak,8,تاپوغساق,1
nişânı,8,نشانې,1
sukluk,8,سوقلوق,1
kodur,8,قۏدور,1
erniñ,8,ارنیڭ,1
ıt,8,اېت,1
ülese,8,اۆله‌سه,1
bilmez,8,بیلمز,1
yülüg,8,یۆلۆگ,1
yarı,8,یارې,1
baz,8,باز,1
sözini,8,سؤزینی,1
tirki,8,تیرکی,1
aşın,8,آشېن,1
köñülde,8,کؤڭۆلده,1
yörüg,8,یؤرۆگ,1
umduçı,8,اومدوچې,1
aşçı,8,آشچې,1
kelmedi,8,کلمه‌دی,1
yém,8,ییم,1
barğıl,8,بارغېل,1
uçmak,8,اوچماق,1
oyun,8,اۏیون,1
éve,8,ایوه,1
‘ilmi,8,علمی,1
ğaflet,8,غفلت,1
kutadğu,7,قوتادغو,1
ağırlap,7,آغېرلاپ,1
aña,7,آڭا,1
biriñe,7,بیریڭه,1
hîç,7,هیچ,1
bérmegü,7,بیرمه‌گۆ,1
tutuğlı,7,توتوغلې,1
cânı,7,جانې,1
kılğuka,7,قېلغوقا,1
alğıl,7,آلغېل,1
açğıl,7,آچغېل,1
yaz,7,یاز,1
yulduz,7,یولدوز,1
yasın,7,یاسېن,1
ikinç,7,ایکینچ,1
iglig,7,ایگلیگ,1
keçürgen,7,کئچۆرگن,1
yaramaz,7,یاراماز,1
törümiş,7,تؤرۆمیش,1
tanukı,7,تانوقې,1
olarnıñ,7,اۏلارنېڭ,1
tüni,7,تۆنی,1
kiterdi,7,کیتردی,1
yıpar,7,یېپار,1
kâfûr,7,کافور,1
yüzke,7,یۆزکه,1
yokaru,7,یۏقارو,1
ular,7,اولار,1
udır,7,اودېر,1
körk,7,کؤرک,1
oğulka,7,اۏغولقا,1
ula,7,اولا,1
kötür,7,کؤتۆر,1
yetse,7,یئتسه,1
üdüg,7,اۆدۆگ,1
emgetür,7,امگه‌تۆر,1
karımaz,7,قارېماز,1
eşitse,7,ائشیتسه,1
barur,7,بارور,1
biligin,7,بیلیگین,1
yinçü,7,یینچۆ,1
uçup,7,اوچوپ,1
tın,7,تېن,1
yetilmiş,7,یئتیلمیش,1
ikide,7,ایکیده,1
süzer,7,سۆزر,1
olardın,7,اۏلاردېن,1
sözlüg,7,سؤزلۆگ,1
yarukluk,7,یاروقلوق,1
yetürdi,7,یئتۆردی,1
azın,7,آزېن,1
basası,7,باساسې,1
özde,7,اؤزده,1
yarağsızka,7,یاراغسېزقا,1
amulluk,7,آموللوق,1
yarağsıznı,7,یاراغسېزنې,1
itiglig,7,ایتیگلیگ,1
ıduk,7,اېدوق,1
tutsu,7,توتسو,1
köñlün,7,کؤڭلۆن,1
altmış,7,آلتمېش,1
öç,7,اؤچ,1
boldum,7,بۏلدوم,1
tiler-men,7,تیلرمن,1
çawıkmış,7,چاوېقمېش,1
kılu,7,قېلو,1
saklan,7,ساقلان,1
ârzûlap,7,آرزولاپ,1
yolum,7,یۏلوم,1
kıyıksız,7,قېیېقسېز,1
yarutsa,7,یاروتسا,1
küsemiş,7,کۆسه‌میش,1
ornuñ,7,اۏرنوڭ,1
sewse,7,سئوسه,1
kimni,7,کیمنی,1
közke,7,کؤزکه,1
körünmez,7,کؤرۆنمز,1
teñin,7,تڭین,1
köründi,7,کؤرۆندی,1
ökünçi,7,اؤکۆنچی,1
serinse,7,سرینسه,1
küdezsü,7,کۆدزسۆ,1
tapındı,7,تاپېندې,1
kulın,7,قولېن,1
buşar,7,بوشار,1
oldruğ,7,اۏلدروغ,1
barma,7,بارما,1
korku,7,قۏرقو,1
‘udri,7,عذری,1
oyunka,7,اۏیونقا,1
bağı,7,باغې,1
baru,7,بارو,1
oñı,7,اۏڭې,1
bayur,7,بایور,1
tapı,7,تاپې,1
awınç,7,آوېنچ,1
sözleyin,7,سؤزله‌یین,1
sawı,7,ساوې,1
sözleyü,7,سؤزله‌یۆ,1
eger,7,اگر,1
yawrıtur,7,یاورېتور,1
kaznakı,7,قازناقې,1
yaraşık,7,یاراشېق,1
artadı,7,آرتادې,1
ét,7,ایت,1
bolduñ,7,بۏلدوڭ,1
sözlemegil,7,سؤزله‌مه‌گیل,1
tükedi,7,تۆکه‌دی,1
ölümdin,7,اؤلۆمدین,1
yığladı,7,یېغلادې,1
bilir-men,7,بیلیرمن,1
bak,7,باق,1
anundı,7,آنوندې,1
asığsız,7,آسېغسېز,1
mâlın,7,مالېن,1
kalğu,7,قالغو,1
böz,7,بؤز,1
alma,7,آلما,1
bilmişig,7,بیلمیشیگ,1
érig,7,ایریگ,1
çığaylık,7,چېغایلېق,1
yazukka,7,یازوققا,1
bağırsaklık,7,باغېرساقلېق,1
kaçsa,7,قاچسا,1
yoluñ,7,یۏلوڭ,1
yalın,7,یالېن,1
esenin,7,اسنین,1
itilse,7,ایتیلسه,1
isizim,7,ایسیزیم,1
ilel,7,ایلل,1
tañda,7,تاڭدا,1
taştın,7,تاشتېن,1
kılıkı,7,قېلېقې,1
teñinçe,7,تڭینچه,1
çaw,7,چاو,1
baldu,7,بالدو,1
üsteñ,7,اۆستڭ,1
tegürgü,7,تگۆرگۆ,1
körgü,7,کؤرگۆ,1
tegmese,7,تگمه‌سه,1
arığlık,7,آرېغلېق,1
köñüllüg,7,کؤڭۆللۆگ,1
kılmasa,7,قېلماسا,1
kaznak,7,قازناق,1
künke,7,کۆنکه,1
tıdsa,7,تېدسا,1
bulardın,7,بولاردېن,1
harâm,7,حرام,1
bolmağay,7,بۏلماغای,1
kılur-men,7,قېلورمن,1
tünek,7,تۆنک,1
kizledi,7,کیزله‌دی,1
kopa,7,قۏپا,1
odundı,7,اۏدوندې,1
katıl,7,قاتېل,1
arala,7,آرالا,1
eginke,7,اگینکه,1
biz,7,بیز,1
odğurmışığ,7,اۏدغورمېشېغ,1
içti,7,ایچتی,1
tüşüg,7,تۆشۆگ,1
yûsuf,6,یوسف,1
hâs,6,خاص,1
maşrık,6,ماشرېق,1
yégil,6,ییگیل,1
kamuğnı,6,قاموغنې,1
kodmaz,6,قۏدماز,1
üdürmiş,6,اۆدۆرمیش,1
bulğu,6,بولغو,1
yetürmiş,6,یئتۆرمیش,1
ayurlar,6,آیورلار,1
atanur,6,آتانور,1
biziñ,6,بیزیڭ,1
ilâhî,6,الهی,1
münin,6,مۆنین,1
kelmişin,6,کلمیشین,1
kapuğdakı,6,قاپوغداقې,1
katılmaz,6,قاتېلماز,1
törüttüñ,6,تؤرۆتتۆڭ,1
yañzağ,6,یاڭزاغ,1
uçuğlı,6,اوچوغلې,1
sañar,6,ساڭار,1
sığındım,6,سېغېندېم,1
kökte,6,کؤکته,1
tolun,6,تۏلون,1
şerî‘at,6,شریعت,1
kâfir,6,کافیر,1
teg-turur,6,تگ تورور,1
itip,6,ایتیپ,1
tudı,6,تودې,1
saçar,6,ساچار,1
ménde,6,مینده,1
yaşın,6,یاشېن,1
kutadsu,6,قوتادسو,1
cihân,6,جهان,1
uluğlukka,6,اولوغلوققا,1
yıdı,6,یېدې,1
tüzüldi,6,تۆزۆلدی,1
rab,6,رب,1
tursu,6,تورسو,1
awınçın,6,آوېنچېن,1
yarattı,6,یاراتتې,1
bedütür,6,بدۆتۆر,1
yırar,6,یېرار,1
bekle,6,بکله,1
çıkarma,6,چېقارما,1
taplamaz,6,تاپلاماز,1
yazar,6,یازار,1
oñarur,6,اۏڭارور,1
işlet,6,ایشلت,1
kodğıl,6,قۏدغېل,1
kedgülük,6,کدگۆلۆک,1
edgün,6,ائدگۆن,1
kayusın,6,قایوسېن,1
élin,6,ایلین,1
körksüz,6,کؤرکسۆز,1
sınayu,6,سېنایو,1
bitigde,6,بیتیگده,1
azığlığ,6,آزېغلېغ,1
bayudı,6,بایودې,1
mañar,6,ماڭار,1
eşitgü,6,ائشیتگۆ,1
barmaz,6,بارماز,1
teze,6,تئزه,0
bitidim,6,بیتیدیم,1
yégit,6,ییگیت,1
yañılma,6,یاڭېلما,1
esenleşti,6,اسنلشتی,1
yaşım,6,یاشېم,1
karılık,6,قارېلېق,1
kökçin,6,کؤکچین,1
anun,6,آنون,1
tünüm,6,تۆنۆم,1
sewitür,6,سئویتۆر,1
keyik,6,کئییک,1
yunçığ,6,یونچېغ,1
ajunçı,6,آژونچې,1
osalın,6,اۏسالېن,1
koy,6,قۏی,1
éligke,6,ایلیگکه,1
katlıp,6,قاتلېپ,1
mundın,6,موندېن,1
ümeg,6,اۆمگ,1
kelgü,6,کلگۆ,1
bolurmu,6,بۏلورمو,1
kes,6,کس,1
tonın,6,تۏنېن,1
ârzûladı,6,آرزولادې,1
iwme,6,ایومه,1
tezer,6,تئزئر,0
kiçiglik,6,کیچیگلیک,1
adınsığ,6,آدېنسېغ,1
sayu,6,سایو,1
ukuşı,6,اوقوشې,1
yorıdım,6,یۏرېدېم,1
küwenür,6,کۆوه‌نۆر,1
törke,6,تؤرکه,1
kokuz,6,قۏقوز,1
sewnür,6,سئونۆر,1
oldur,6,اۏلدور,1
aytu,6,آیتو,1
keçürdüm,6,کئچۆردۆم,1
üzer,6,اۆزر,1
uksa,6,اوقسا,1
körkitür,6,کؤرکیتۆر,1
akar,6,آقار,1
vefâsız,6,وفاسېز,1
yaraş,6,یاراش,1
özini,6,اؤزینی,1
küwezlik,6,کۆوه‌زلیک,1
ukayın,6,اوقایېن,1
tünle,6,تۆنله,1
turma,6,تورما,1
ukğıl,6,اوقغېل,1
yora,6,یۏرا,1
urğı,6,اورغې,1
konuk,6,قۏنوق,1
kutluğı,6,قوتلوغې,1
yorığıl,6,یۏرېغېل,1
borçı,6,بۏرچې,1
asığlar,6,آسېغلار,1
yutı,6,یوتې,1
boldaçı,6,بۏلداچې,1
çuz,6,چوز,1
bulğuka,6,بولغوقا,1
künlük,6,کۆنلۆک,1
asğıñ,6,آسغېڭ,1
ayıtmış,6,آیېتمېش,1
ündedi,6,اۆنده‌دی,1
yağısı,6,یاغېسې,1
muhâl,6,محال,1
karnı,6,قارنې,1
cânın,6,جانېن,1
ayğu,6,آیغو,1
kereki,6,کیرکی,1
üledi,6,اۆله‌دی,1
tutğakı,6,توتغاقې,1
muñun,6,موڭون,1
urma,6,اورما,1
igke,6,ایگکه,1
ölmez,6,اؤلمز,1
erksiz,6,ارکسیز,1
yetildi,6,یئتیلدی,1
bodı,6,بۏدې,1
tügük,6,تۆگۆک,1
ecel,6,اجل,1
bolğuçı,6,بۏلغوچې,1
yarınlık,6,یارېنلېق,1
unu,6,اونو,1
kal,6,قال,1
yitti,6,ییتتی,1
ögsüz,6,اؤگسۆز,1
buzuğlı,6,بوزوغلې,1
yitür,6,ییتۆر,1
üdke,6,اۆدکه,1
ârzûlarka,6,آرزولارقا,1
kötürdüñ,6,کؤتۆردۆڭ,1
yédim,6,ییدیم,1
işiñni,6,ایشیڭنی,1
yılan,6,یېلان,1
tişig,6,تیشیگ,1
birig,6,بیریگ,1
turğu,6,تورغو,1
ekse,6,ایکسه,0
ederse,6,ائدرسه,1
koyuğ,6,قۏیوغ,1
sarây,6,سارای,1
yatğu,6,یاتغو,1
iligdin,6,ایلیگدین,1
yarlığın,6,یارلېغېن,1
turuğ,6,توروغ,1
turı,6,تورې,1
kılsu,6,قېلسو,1
edgüsin,6,ائدگۆسین,1
tirilsü,6,تیریلسۆ,1
tusulğay,6,توسولغای,1
térer,6,تیرر,1
küçlüg,6,کۆچلۆگ,1
kü,6,کۆ,1
yüder,6,یۆدر,1
tınmaz,6,تېنماز,1
rabka,6,رب‌ـکه,0
yarlığı,6,یارلېغې,1
edgü-turur,6,ائدگۆ تورور,1
yağusa,6,یاغوسا,1
yüreksiz,6,یۆرکسیز,1
keçürse,6,کئچۆرسه,1
kılmağu,6,قېلماغو,1
kullukı,6,قوللوقې,1
bilmişim,6,بیلمیشیم,1
ayıtğıl,6,آیېتغېل,1
kedim,6,کدیم,1
boş,6,بۏش,1
başıña,6,باشېڭا,1
ewürse,6,ائوۆرسه,1
otuğ,6,اۏتوغ,1
orunç,6,اۏرونچ,1
kelmese,6,کلمه‌سه,1
tuşsa,6,توشسا,1
ınanıp,6,اېنانېپ,1
öl,6,اؤل,1
tatığsız,6,تاتېغسېز,1
boluğlı,6,بۏلوغلې,1
yorıma,6,یۏرېما,1
kadaştın,6,قاداشتېن,1
bitiyin,6,بیتییین,1
yarım,6,یارېم,1
tükettim,6,تۆکتتیم,1
mañsa,6,ماڭسا,1
yadı,6,یادې,1
kaşın,6,قاشېن,1
tüdeş,6,تۆدش,1
usayuk,6,اوسایوق,1
eşitmiş,6,ائشیتمیش,1
yérdin,6,ییردین,1
yörse,6,یؤرسه,1
itgil,6,ایتگیل,1
bolsunı,6,بۏلسونې,1
ana,5,آنا,1
de,5,دئ,1
rûzî,5,روزی,1
hergiz,5,هرگز,1
bérü,5,بیرۆ,1
ul,5,اول,1
‘adil,5,عادل,1
ornıña,5,اۏرنېڭا,1
sezâ,5,سزا,1
yine,5,یینه,1
törüçe,5,تؤرۆچه,1
tilinde,5,تیلینده,1
bodundın,5,بۏدوندېن,1
ra‘iyyet,5,رعیّت,1
bérgüke,5,بیرگۆکه,1
yorımış,5,یۏرېمېش,1
bitimiş,5,بیتیمیش,1
hanı,5,هانې,1
muña,5,موڭا,1
témiş,5,تیمیش,1
yumğı,5,یومغې,1
asığın,5,آسېغېن,1
yörügin,5,یؤرۆگین,1
şük,5,شۆک,1
barmışın,5,بارمېشېن,1
almak,5,آلماق,1
körmişin,5,کؤرمیشین,1
muñı,5,موڭې,1
muñsuz,5,موڭسوز,1
sakışka,5,ساقېشقا,1
barıña,5,بارېڭا,1
yorımaz,5,یۏرېماز,1
üstün,5,اۆستۆن,1
umınçım,5,اومېنچېم,1
muñadmış,5,موڭادمېش,1
tutaşı,5,توتاشې,1
künün,5,کۆنۆن,1
kadğusı,5,قادغوسې,1
tamğa,5,تامغا,1
bütüp,5,بۆتۆپ,1
olarnı,5,اۏلارنې,1
yazkı,5,یازقې,1
itindi,5,ایتیندی,1
sata,5,ساتا,1
tügdi,5,تۆگدی,1
begim,5,بگیم,1
cânım,5,جانېم,1
tuğı,5,توغې,1
örk,5,اؤرک,1
tañuk,5,تاڭوق,1
igidgen,5,ایگیدگن,1
urundı,5,اوروندې,1
koşnı,5,قۏشنې,1
ite,5,ایته,1
ukuğlı,5,اوقوغلې,1
küdüg,5,کۆدۆگ,1
başıñnı,5,باشېڭنې,1
yéyür,5,یییۆر,1
başım,5,باشېم,1
yığsa,5,یېغسا,1
tutmağıl,5,توتماغېل,1
negülük,5,نه‌گۆلۆک,1
bedükrek,5,بدۆکره‌ک,1
kılmak,5,قېلماق,1
bildi,5,بیلدی,1
üzüldi,5,اۆزۆلدی,1
barğuçı,5,بارغوچې,1
tura,5,تورا,1
törde,5,تؤرده,1
suwlanur,5,سوولانور,1
sunsa,5,سونسا,1
kiterse,5,کیترسه,1
belgürer,5,بلگۆرر,1
özdin,5,اؤزدین,1
biregü,5,بیره‌گۆ,1
edlese,5,ائدله‌سه,1
karır,5,قارېر,1
toldını,5,تۏلدېنې,1
közüg,5,کؤزۆگ,1
bodum,5,بۏدوم,1
tünerdi,5,تۆنردی,1
keçmiş,5,کئچمیش,1
tınma,5,تېنما,1
küdezmese,5,کۆدزمه‌سه,1
kesgil,5,کسگیل,1
körmedük,5,کؤرمه‌دۆک,1
oldrup,5,اۏلدروپ,1
sözlegüçi,5,سؤزله‌گۆچی,1
arsıkar,5,آرسېقار,1
sewigli,5,سئویگلی,1
muñadsa,5,موڭادسا,1
yazsa,5,یازسا,1
kelin,5,کلین,1
yarur,5,یارور,1
özinde,5,اؤزینده,1
kişisi,5,کیشیسی,1
tuştı,5,توشتې,1
kapğıña,5,قاپغېڭا,1
ötünse,5,اؤتۆنسه,1
yarağay,5,یاراغای,1
tutuğ,5,توتوغ,1
yañın,5,یاڭېن,1
keldür,5,کلدۆر,1
buldum,5,بولدوم,1
edeb,5,ادب,1
sınadı,5,سېنادې,1
sewnü,5,سئونۆ,1
kirü,5,کیرۆ,1
yumdı,5,یومدې,1
ewürdi,5,ائوۆردی,1
iweklik,5,ایوه‌کلیک,0
açayın,5,آچایېن,1
aşnı,5,آشنې,1
yüzüñni,5,یۆزۆڭنی,1
yañılsa,5,یاڭېلسا,1
yéri,5,ییری,1
bardıñ,5,باردېڭ,1
kıwı,5,قېوې,1
ınançsız-turur,5,اېنانچسېز تورور,1
kutadur,5,قوتادور,1
münüm,5,مۆنۆم,1
eski,5,اسکی,1
yarumış,5,یارومېش,1
beklese,5,بکله‌سه,1
béreyin,5,بیره‌یین,1
tirer,5,تیرر,1
kürsî,5,کۆرسی,1
sözlemez,5,سؤزله‌مز,1
turğıl,5,تورغېل,1
okıdım,5,اۏقېدېم,1
turumaz,5,توروماز,1
keçigli,5,کئچیگلی,1
arıp,5,آرېپ,1
ıla,5,اېلا,0
uzadı,5,اوزادې,1
satğağ,5,ساتغاغ,1
kelsü,5,کلسۆ,1
saranka,5,سارانقا,1
turur,5,تورور,1
kendü,5,کندۆ,1
suwuğ,5,سوووغ,1
kalğa,5,قالغا,1
semritür,5,سمریتۆر,1
özlüg,5,اؤزلۆگ,1
edgüler,5,ائدگۆلر,1
soğık,5,سۏغېق,1
em,5,ائم,0
kalmadı,5,قالمادې,1
kat,5,قات,1
awnıp,5,آونېپ,1
téme,5,تیمه,1
yüzlüg,5,یۆزلۆگ,1
saç,5,ساچ,1
yumuş,5,یوموش,1
yédiñ,5,ییدیڭ,1
yuluş,5,یولوش,1
ün,5,اۆن,1
bilmedim,5,بیلمه‌دیم,1
közde,5,کؤزده,1
udup,5,اودوپ,1
kızı,5,قېزې,1
kızka,5,قېزقا,1
tünüñ,5,تۆنۆڭ,1
yawuzka,5,یاووزقا,1
kuluñ,5,قولوڭ,1
kedgüke,5,کدگۆکه,1
talusın,5,تالوسېن,1
tutuzdum,5,توتوزدوم,1
küdezgey,5,کۆدزگَی,1
itin,5,ایتین,1
tilegü,5,تیله‌گۆ,1
tıñla,5,تېڭلا,1
serimlig,5,سریملیگ,1
boğuzuñ,5,بۏغوزوڭ,1
yaşağıl,5,یاشاغېل,1
kodğu,5,قۏدغو,1
tokığay,5,تۏقېغای,1
arkış,5,آرقېش,1
kılmağay,5,قېلماغای,1
küdezip,5,کۆدزیپ,1
harâmka,5,حرامقا,1
tıd,5,تېد,1
kodun,5,قۏدون,1
yaşa,5,یاشا,1
kaş,5,قاش,1
özindin,5,اؤزیندین,1
tususı,5,توسوسې,1
yetürsü,5,یئتۆرسۆ,1
çawıksa,5,چاوېقسا,1
térip,5,تیریپ,1
bulayın,5,بولایېن,1
körünse,5,کؤرۆنسه,1
buzlur,5,بوزلور,1
kaçtı,5,قاچتې,1
yut,5,یوت,1
meñilig,5,مڭیلیگ,1
tegümez,5,تگۆمز,1
‘atâ,5,عطا,1
körgüke,5,کؤرگۆکه,1
ârzûsın,5,آرزوسېن,1
örtüg,5,اؤرتۆگ,1
urunsa,5,اورونسا,1
erejin,5,ارژین,1
bağırsaknı,5,باغېرساقنې,1
tutunsa,5,توتونسا,1
yakmaz,5,یاقماز,1
ögse,5,اؤگسه,1
sakışı,5,ساقېشې,1
içmez,5,ایچمز,1
tütüş,5,تۆتۆش,1
esürse,5,ایسۆرسه,1
kıw,5,قېو,1
başçı,5,باشچې,1
atka,5,آتقا,1
uzatur,5,اوزاتور,1
körme,5,کؤرمه,1
artsa,5,آرتسا,1
kögüz,5,کؤگۆز,1
hâl,5,حال,1
yétürse,5,ییتۆرسه,1
yuluğlap,5,یولوغلاپ,1
kiş,5,کیش,1
yıratur,5,یېراتور,1
âzâd,5,آزاد,1
sürse,5,سۆرسه,1
alğu,5,آلغو,1
bulğa,5,بولغا,1
utup,5,اوتوپ,1
fâl,5,فال,1
köñülsüz,5,کؤڭۆلسۆز,1
boşuğ,5,بۏشوغ,1
başlap,5,باشلاپ,1
hendese,5,هندسه,1
okığu,5,اۏقېغو,1
biziñde,5,بیزیڭده,1
kereklig-turur,5,کیرکلیک تورور,1
botu,5,بۏتو,1
tapğuçı,5,تاپغوچې,1
satığ,5,ساتېغ,1
sınsa,5,سېنسا,1
kir,5,کیر,1
yara,5,یارا,1
tumlığ,5,توملېغ,1
awuçğa,5,آووچغا,1
kolur-men,5,قۏلورمن,1
üçte,5,اۆچته,1
bérgey,5,بیرگَی,1
kadaşlar,5,قاداشلار,1
igin,5,ایگین,1
okıtçı,5,اۏقېتچې,1
kelme,5,کلمه‌,1
zengî,5,زنگی,1
tokum,5,تۏقوم,1
ulıtğay,5,اولېتغای,1
kopup,5,قۏپوپ,1
yek,5,یئک,1
küldürür,5,کۆلدۆرۆر,1
arpa,5,آرپا,1
bolurlar,5,بۏلورلار,1
yanayın,5,یانایېن,1
küçüñ,5,کۆچۆڭ,1
udıma,5,اودېما,1
tınıp,5,تېنېپ,1
udıdı,5,اودېدې,1
tégü,5,تیگۆ,1
adğır,5,آدغېر,1
içip,5,ایچیپ,1
kılınsa,5,قېلېنسا,1
teñrilik,5,تڭریلیک,1
ozunçı,5,اۏزونچې,1
‘âm,5,عام,1
yumuşçı,5,یوموشچې,1
yaşıñ,5,یاشېڭ,1
tükemez,5,تۆکه‌مز,1
yaturlar,5,یاتورلار,1
aytığı,5,آیتېغې,1
yaşasa,5,یاشاسا,1
yığ,5,یېغ,1
firâk,5,فراق,1
u,4,او,1
çîn,4,چین,1
tawğaç,4,تاوغاچ,1
kanâ‘at,4,قناعت,1
vezîrniñ,4,وزیرنیڭ,1
yérinde,4,ییرینده,1
ây,4,آی,1
halâyık,4,خلایق,1
bérigli,4,بیریگلی,1
bügüler,4,بۆگۆلر,1
éter,4,ایتر,1
élinde,4,ایلینده,1
bolmağu,4,بۏلماغو,1
itigli,4,ایتیگلی,1
kitâbka,4,کتابقا,1
atar,4,آتار,1
teni,4,تنی,1
itiñü,4,ایتیڭۆ,1
atını,4,آتېنې,1
vezîrlık,4,وزیرلېق,1
atadı,4,آتادې,1
barur-men,4,بارورمن,1
‘udrin,4,عذرین,1
awuçğalıkın,4,آووچغالېقېن,1
sıfatın,4,صفتین,1
körünmişin,4,کؤرۆنمیشین,1
ögdülmişni,4,اؤگدۆلمیشنی,1
ılımğa,4,اېلېمغا,1
igdişçiler,4,ایگدیشچیلر,1
uzlar,4,اوزلار,1
çığaylar,4,چېغایلار,1
katılmak,4,قاتېلماق,1
okımak,4,اۏقېماق,1
ökünüp,4,اؤکۆنۆپ,1
kişilikke,4,کیشیلیککه,1
yégitlikke,4,ییگیتلیککه,1
başladım,4,باشلادېم,1
adınka,4,آدېنقا,1
yetmez,4,یئتمز,1
kötürmez,4,کؤتۆرمز,1
yirig,4,ییریگ,1
altın,4,آلتېن,1
birke,4,بیرکه,1
bütti,4,بۆتتی,1
kirme,4,کیرمه,1
kesüksüz,4,کسۆکسۆز,1
körkit,4,کؤرکیت,1
kedi,4,کدی,1
yaruklukı,4,یاروقلوقې,1
yadtı,4,یادتې,1
atasın,4,آتاسېن,1
tünün,4,تۆنۆن,1
atada,4,آتادا,1
sawçıka,4,ساوچېقا,1
kéñeşçi,4,کیڭشچی,1
mâlı,4,مالې,1
basakı,4,باساقې,1
kitip,4,کیتیپ,1
irinçig,4,ایرینچیگ,1
torku,4,تۏرقو,1
töşendi,4,تؤشندی,1
çéçekler,4,چیچکلر,1
titir,4,تیتیر,1
katğura,4,قاتغورا,1
oğlağu,4,اۏغلاغو,1
öter,4,اؤتر,1
sığun,4,سېغون,1
tonı,4,تۏنې,1
sundı,4,سوندې,1
alkınur,4,آلقېنور,1
sewerin,4,سئورین,1
yağmur,4,یاغمور,1
bakır,4,باقېر,1
künüg,4,کۆنۆگ,1
ewrilür,4,ائوریلۆر,1
kulavuz,4,قولاووز,1
awıt,4,آوېت,1
üdürdi,4,اۆدۆردی,1
bedüdi,4,بدۆدی,1
üz,4,اۆز,1
tiliñni,4,تیلیڭنی,1
tilke,4,تیلکه,1
başığ,4,باشېغ,1
tiliñde,4,تیلیڭده,1
minde,4,مینده,1
eymenü,4,ائیمنۆ,1
yañluk,4,یاڭلوق,1
yégey,4,ییگَی,1
uruldı,4,اورولدې,1
bildeçi,4,بیلده‌چی,1
bilgin,4,بیلگین,1
basğuka,4,باسغوقا,1
bastı,4,باستې,1
ikin,4,ایکین,1
birikse,4,بیریکسه,1
tiriglikni,4,تیریگلیکنی,1
ögdiler,4,اؤگدیلر,1
ökünme,4,اؤکۆنمه,1
meñzetür,4,مڭزتۆر,1
alkış,4,آلقېش,1
atansa,4,آتانسا,1
biligde,4,بیلیگده,1
karağu,4,قاراغو,1
tuman,4,تومان,1
ukuşun,4,اوقوشون,1
bütmese,4,بۆتمه‌سه,1
revân,4,روان,1
tamudın,4,تامودېن,1
özüg,4,اؤزۆگ,1
kişen,4,کیشن,1
tüzünlük,4,تۆزۆنلۆک,1
kereksizni,4,کیرکسیزنی,1
tütün,4,تۆتۆن,1
öwkelig,4,اؤوکه‌لیگ,1
sökse,4,سؤکسه,1
yaşlığ,4,یاشلېغ,1
tédim,4,تیدیم,1
keser-men,4,کسر من,1
keçse,4,کئچسه,1
tüsi,4,تۆسی,1
bardım,4,باردېم,1
karak,4,قاراق,1
yıradı,4,یېرادې,1
köñülüg,4,کؤڭۆلۆگ,1
öteyin,4,اؤته‌یین,1
çıkarda,4,چېقاردا,1
kuluñ-men,4,قولوڭ من,1
sewmez,4,سئومز,1
bezenip,4,بزه‌نیپ,1
muñadıp,4,موڭادېپ,1
içim,4,ایچیم,1
artamaz,4,آرتاماز,1
eligde,4,ائلیگده,1
yırattı,4,یېراتتې,1
yorıtğu,4,یۏرېتغو,1
awa,4,آوا,1
yığlu,4,یېغلو,1
ögrenip,4,اؤگره‌نیپ,1
erdemim,4,اردمیم,1
yañzatu,4,یاڭزاتو,1
tése-men,4,تیسه من,1
ârzûka,4,آرزوقا,1
yatığ,4,یاتېغ,1
içür,4,ایچۆر,1
biliş,4,بیلیش,1
sakınçı,4,ساقېنچې,1
körsüni,4,کؤرسۆنی,1
küne,4,کۆنه,1
eşitsü,4,ائشیتسۆ,1
taparu,4,تاپارو,1
hâcibka,4,حاجبقا,1
yarağ,4,یاراغ,1
üdiñe,4,اۆدیڭه,1
kutuñ,4,قوتوڭ,1
tüşse,4,تۆشسه,1
sabır,4,صابر,1
tegdim,4,تیگدیم,1
ârzûm,4,آرزوم,1
tapınğu,4,تاپېنغو,1
imledi,4,ایمله‌دی,1
topık,4,تۏپېق,1
törlügün,4,تؤرلۆگۆن,1
buşup,4,بوشوپ,1
hıl,4,هېل,0
yorırda,4,یۏرېردا,1
öznese,4,اؤزنه‌سه,1
kadğun,4,قادغون,1
nişân,4,نشان,1
tirilmiş,4,تیریلمیش,1
yawalıkka,4,یاوالېققا,1
tuzı,4,توزې,1
kezig,4,کئزیگ,1
neñni,4,نڭنی,1
bekrü,4,بکرۆ,1
kılkımı,4,قېلقېمې,1
yadılsa,4,یادېلسا,1
yarukı,4,یاروقې,1
kündüz,4,کۆندۆز,1
urâğûn,4,اوراغون,1
alınğıl,4,آلېنغېل,1
biçek,4,بیچک,1
tüşer,4,تۆشر,1
yazlur,4,یازلور,1
bulğay,4,بولغای,1
küsep,4,کۆسپ,1
sewinçiñ,4,سئوینچیڭ,1
iwek,4,ایوه‌ک,1
açukluğ,4,آچوقلوغ,1
özüñdin,4,اؤزۆڭدین,1
tilemez,4,تیله‌مز,1
çıkarsa,4,چېقارسا,1
kopsa,4,قۏپسا,1
anadın,4,آنادېن,1
karası,4,قاراسې,1
işçisi,4,ایشچیسی,1
sol,4,سۏل,1
bul,4,بول,1
ayıtmazda,4,آیېتمازدا,1
ol-ok,4,اۏل-اۏق,0
munduz,4,موندوز,1
yul,4,یول,1
tolmaz,4,تۏلماز,1
yetürse,4,یئتۆرسه,1
yatu,4,یاتو,1
yégen,4,ییگن,1
ayıttukta,4,آیېتتوقتا,1
öggüsi,4,اؤگگۆسی,1
bayatığ,4,بایاتېغ,1
ayağ,4,آیاغ,1
emgekleri,4,امگکلری,1
tükese,4,تۆکه‌سه,1
tüketti,4,تۆکتتی,1
igi,4,ایگی,1
igler,4,ایگلر,1
ınanç,4,اېنانچ,1
kodğa,4,قۏدغا,1
ârzûn,4,آرزون,1
kutulğu,4,قوتولغو,1
igidti,4,ایگیدتی,1
anunğu,4,آنونغو,1
kalmağay,4,قالماغای,1
tüşük,4,تۆشۆک,1
yulup,4,یولوپ,1
toldınıñ,4,تۏلدېنېڭ,1
muñluğ-turur,4,موڭلوغ تورور,1
közlüg,4,کؤزلۆگ,1
sakınsa,4,ساقېنسا,1
usansa,4,اوسانسا,1
todmaz,4,تۏدماز,1
öknüp,4,اؤکنۆپ,1
şi‘r,4,شعر,1
atam,4,آتام,1
kuşka,4,قوشقا,1
tıdumaz,4,تېدوماز,1
kalğay,4,قالغای,1
yete,4,یئته,1
barmasa,4,بارماسا,1
sakınçım,4,ساقېنچېم,1
kiçiglikte,4,کیچیگلیکته,1
ezel,4,ازل,1
tuttuñ,4,توتتوڭ,1
atma,4,آتما,1
küçeme,4,کۆچه‌مه,1
baylar,4,بایلار,1
açma,4,آچما,1
kizle,4,کیزله,1
kılınçlığ,4,قېلېنچلېغ,1
teñiñ,4,تڭیڭ,1
biti,4,بیتی,1
bitidi,4,بیتیدی,1
tegürsün,4,تیگۆرسۆن,1
selâmım,4,سلامېم,1
bérmegil,4,بیرمه‌گیل,1
yitürme,4,ییتۆرمه,1
tökme,4,تؤکمه,1
tüşüñ,4,تۆشۆڭ,1
küyürme,4,کۆیۆرمه,1
anunmış-turur,4,آنونمېش تورور,1
ukuştın,4,اوقوشتېن,1
utru-turur,4,اوترو تورور,1
kenç,4,کنچ,1
keçigli-turur,4,کئچیگلی تورور,1
sewügler,4,سئوۆگلر,1
yégliki,4,ییگلیکی,1
boyunka,4,بۏیونقا,1
arıtğıl,4,آرېتغېل,1
turğa,4,تورغا,1
edgülerig,4,ائدگۆلریگ,1
isizlerni,4,ایسیزلرنی,1
tusulsu,4,توسولسو,1
türdi,4,تۆردی,1
öpüp,4,اؤپۆپ,1
yetrüp,4,یئترۆپ,1
yitip,4,ییتیپ,1
kutulmaz,4,قوتولماز,1
kutadğay,4,قوتادغای,1
tapğuñ,4,تاپغوڭ,1
tutuzdı,4,توتوزدې,1
büte,4,بۆته,1
uç,4,اوچ,1
kodma,4,قۏدما,1
sın,4,سېن,1
ınanğu,4,اېنانغو,1
ötemiş,4,اؤته‌میش,1
barğay,4,بارغای,1
ınğa,4,اېنغا,1
yéyümez,4,یییۆمز,1
yégüçi,4,ییگۆچی,1
yetlür,4,یئتلۆر,1
içig,4,ایچیگ,1
yaraşsa,4,یاراشسا,1
yawuzrak,4,یاووزراق,1
sakışlığ,4,ساقېشلېغ,1
emânet,4,امانت,1
yügrü,4,یۆگرۆ,1
yadağ,4,یاداغ,1
yügür,4,یۆگۆر,1
ulın,4,اولېن,1
üstem,4,اۆستم,1
aşru,4,آشرو,1
toğı,4,تۏغې,1
yüdgüke,4,یۆدگۆکه,1
kişini,4,کیشینی,1
bulğanuk,4,بولغانوق,1
yarağın,4,یاراغېن,1
seniñsiz,4,سنیڭسیز,1
bilgey,4,بیلگَی,1
awınsa,4,آوېنسا,1
munıñdın,4,مونېڭدېن,1
töre,4,تؤره,1
begde,4,بگده,1
ildin,4,ایلدین,1
urar,4,اورار,1
kéñrü,4,کیڭرۆ,1
küçin,4,کۆچین,1
şekerde,4,شَکَرده,1
yaraşı,4,یاراشې,1
bağırsaklıkı,4,باغېرساقلېقې,1
ürüñli,4,اۆرۆڭلی,1
uruş,4,اوروش,1
iglese,4,ایگله‌سه,1
yolça,4,یۏلچا,1
buzuldı,4,بوزولدې,1
atnı,4,آتنې,1
hatar,4,هاتار,0
kaşığ,4,قاشېغ,1
kodmasa,4,قۏدماسا,1
özkey,4,اؤزکَی,1
itilgey,4,ایتیلگَی,1
ukulğay,4,اوقولغای,1
süsin,4,سۆسین,1
éltse,4,ایلتسه,1
yağıdın,4,یاغېدېن,1
etmeki,4,ائتمکی,1
kemişse,4,کمیشسه,1
başlığ,4,باشلېغ,1
başsız,4,باشسېز,1
alçı,4,آلچې,1
yağınıñ,4,یاغېنېڭ,1
sançmış,4,سانچمېش,1
uzatsa,4,اوزاتسا,1
körmiş,4,کؤرمیش,1
kötürsü,4,کؤتۆرسۆ,1
tişin,4,تیشین,1
seriñil,4,سریڭیل,1
öggü,4,اؤگگۆ,1
hak,4,حق,1
üçke,4,اۆچکه,1
tutnur,4,توتنور,1
muñıña,4,موڭېڭا,1
tuşar,4,توشار,1
sakıñu,4,ساقېڭو,1
ıdur,4,اېدور,1
bağrı,4,باغرې,1
yalawaçka,4,یالاواچقا,1
toklukı,4,تۏقلوقې,1
bérmiş,4,بیرمیش,1
kéñeşke,4,کیڭشکه,1
narukı,4,ناروقې,1
utrukı,4,اوتروقې,1
tutğa,4,توتغا,1
kutuğ,4,قوتوغ,1
basmış,4,باسمېش,1
yetilgey,4,یئتیلگَی,1
boğuzuğ,4,بۏغوزوغ,1
suwka,4,سووقا,1
sewinme,4,سئوینمه,1
yörer,4,یؤرر,1
temür,4,تیمۆر,1
kötürmiş,4,کؤتۆرمیش,1
azmış,4,آزمېش,1
yanğıl,4,یانغېل,1
ögdülmişim,4,اؤگدۆلمیشیم,1
uda,4,اودا,1
altunı,4,آلتونې,1
begig,4,بگیگ,1
tağka,4,تاغقا,1
özümdin,4,اؤزۆمدین,1
sini,4,سینی,1
rûzaˆ,4,روزه,1
atandı,4,آتاندې,1
tusulğıl,4,توسولغېل,1
cemâ‘at,4,جماعت,1
çığayığ,4,چېغایېغ,1
bulduñ,4,بولدوڭ,1
beliñlep,4,بئلیڭله‌پ,0
tokıdı,4,تۏقېدې,1
kadaşın,4,قاداشېن,1
adrılıp,4,آدرېلېپ,1
tileyü,4,تیله‌یۆ,1
yağukluk,4,یاغوقلوق,1
odğurmışa,4,اۏدغورمېشا,1
keldiñ,4,کلدیڭ,1
tilegil,4,تیله‌گیل,1
kesmez,4,کسمز,1
kodtuñ,4,قۏدتوڭ,1
katılmış,4,قاتېلمېش,1
basıkma,4,باسېقما,1
tédiñ,4,تیدیڭ,1
kılsalar,4,قېلسالار,1
yadmış,4,یادمېش,1
özümni,4,اؤزۆمنی,1
koldum,4,قۏلدوم,1
tünekte,4,تۆنَکته,1
awınğu,4,آوېنغو,1
sürer,4,سۆرر,1
soñı,4,سۏڭې,1
yığlatur,4,یېغلاتور,1
anunğıl,4,آنونغېل,1
uluşka,4,اولوشقا,1
rahmet,4,رحمت,1
işlerig,4,ایشلریگ,1
yararmu,4,یارارمو,1
tüzüm,4,تۆزۆم,1
du‘âçı,4,دعاچې,1
batarka,4,باتارقا,1
sözlegil,4,سؤزله‌گیل,1
yarutğay,4,یاروتغای,1
bitigke,4,بیتیگکه,1
tözin,4,تؤزین,1
iletti,4,ایلتتی,1
karıl,4,قارېل,1
rûmî,4,رومی,1
könilikke,4,کؤنیلیککه,1
kurt,4,قورت,1
yüd,4,یۆد,1
aslıña,4,آسلېڭا,1
serme,4,سرمه,1
tüşese,4,تۆشه‌سه,1
yörügke,4,یؤرۆگکه,1
ayıtğay,4,آیېتغای,1
ıdmağıl,4,اېدماغېل,1
bu-turur,4,بو تورور,1
kodmağınça,4,قۏدماغېنچا,1
tédükte,4,تیدۆکته,1
kolu,4,قۏلو,1
du‘âda,4,دعادا,1
namâzın,4,نامازېن,1
yuwuldı,4,یووولدې,1
bizni,4,بیزنی,1
izi,4,ایزی,1
yatma,4,یاتما,1
emân,4,ایمان,1
meñülük,4,مڭۆلۆک,1
nefsiñ,4,نفسیڭ,1
iliñ,4,ایلیڭ,1
tağı,4,تاغې,1
ölgü-turur,4,اؤلگۆ تورور,1
amrulup,4,آمرولوپ,1
yanğu,4,یانغو,1
içtim,4,ایچتیم,1
yoñasa,4,یۏڭاسا,1
tüşke,4,تۆشکه,1
tüşni,4,تۆشنی,1
ıdışlığ,4,اېدېشلېغ,1
metin,3,متن,1
kur’ân,3,قرآن,1
olarak,3,اۏلاراق,1
sonra,3,سۏنرا,1
edebiyatı,3,ادبیاتې,1
‘azze,3,عزّه,1
neni,3,نه‌نی,1
mâçîn,3,ماچین,1
boldılar,3,بۏلدېلار,1
devletka,3,دَولتکه,1
munâzara,3,مناظره,1
kılsun,3,قېلسون,1
tizip,3,تیزیپ,1
mâçînlar,3,ماچینلار,1
kalıp,3,قالېپ,1
işleri,3,ایشلری,1
kadrini,3,قدرینی,1
yére,3,ییره,1
térler,3,تیرلر,1
hakîmler,3,حاکملر,1
tokış,3,تۏقېش,1
bodunlar,3,بۏدونلار,1
hürmet,3,حرمت,1
toğmış,3,تۏغمېش,1
tegürmiş,3,تیگۆرمیش,1
téyür,3,تییۆر,1
ajundın,3,آژوندېن,1
‘ibret,3,عبرت,1
sıfatı,3,صفاتې,1
irsellikin,3,ایرسللیکین,1
erdemlerin,3,اردملرین,1
odğurmışnı,3,اۏدغورمېشنې,1
‘ayıbların,3,عیبلرین,1
tapınmak,3,تاپېنماق,1
tokusın,3,تۏقوسېن,1
dünyânı,3,دۆنیانې,1
tüşiñe,3,تۆشیڭه,1
cefâsın,3,جفاسېن,1
öd,3,اؤد,1
kolmış,3,قۏلمېش,1
teñe,3,تڭه,1
eçü,3,ائچۆ,1
neteglikke,3,نه‌تگلیککه,1
yetgü,3,یئتگۆ,1
yokadur,3,یۏقادور,1
törütmiş,3,تؤرۆتمیش,1
oprı,3,اۏپرې,1
tınığlı,3,تېنېغلې,1
‘arşta,3,عرشته,1
keçürgil,3,کئچۆرگیل,1
yazukın,3,یازوقېن,1
éşiñe,3,ایشیڭه,1
öggil,3,اؤگگیل,1
sewip,3,سئویپ,1
köñlümi,3,کؤڭلۆمی,1
yüreki,3,یۆرَکی,1
éş,3,ایش,1
sürdi,3,سۆردی,1
balık,3,بالېق,1
hıtay,3,خېتای,1
arkışı,3,آرقېشې,1
kır,3,قېر,1
ünin,3,اۆنین,1
ünder,3,اۆندر,1
ötti,3,اؤتتی,1
kap,3,قاپ,1
sandwaç,3,ساندواچ,1
küwenip,3,کۆوه‌نیپ,1
öger,3,اؤگر,1
ündep,3,اۆنده‌پ,1
küwenç,3,کۆوه‌نچ,1
turuğlı,3,توروغلې,1
kopurdı,3,قۏپوردې,1
terken,3,ترکن,1
meselde,3,مثلده,1
térse,3,تیرسه,1
körmez,3,کؤرمز,1
küwençin,3,کۆوه‌نچین,1
yılı,3,یېلې,1
ayığ,3,آیېغ,1
yezek,3,یزک,1
eksüdi,3,اکسۆدی,1
sekiz,3,سکیز,1
erentir,3,ارنتیر,1
çadan,3,چادان,1
toprak,3,تۏپراق,1
yağılar,3,یاغېلار,1
yaraştı,3,یاراشتې,1
öçin,3,اؤچین,1
yalñukuğ,3,یالڭوقوغ,1
uzattı,3,اوزاتتې,1
emlemese,3,ایمله‌مه‌سه,1
otın,3,اۏتېن,1
uçuzlar,3,اوچوزلار,1
barmasun,3,بارماسون,1
körmedim,3,کؤرمه‌دیم,1
küdezildi,3,کۆدزیلدی,1
közsüz,3,کؤزسۆز,1
kizlemez,3,کیزله‌مز,1
tügme,3,تۆگمه,1
yañılmaz,3,یاڭېلماز,1
éndi,3,ایندی,1
çıkarmasa,3,چېقارماسا,1
yarutmaz,3,یاروتماز,1
basğuçı,3,باسغوچې,1
uru,3,اورو,1
itmiş,3,ایتمیش,1
tokığlı,3,تۏقېغلې,1
kezigçe,3,کزیگچه,1
birin,3,بیرین,1
atıkmış,3,آتېقمېش,1
karğış,3,قارغېش,1
kite,3,کیته,1
bolmadı,3,بۏلمادې,1
yolında,3,یۏلېندا,1
başlamış,3,باشلامېش,1
atanmış,3,آتانمېش,1
kodmış,3,قۏدمېش,1
yañzatur,3,یاڭزاتور,1
ködrüm,3,کؤدرۆم,1
karısa,3,قارېسا,1
ögü,3,اؤگۆ,1
ordusı,3,اۏردوسې,1
oğrı,3,اۏغرې,1
kişenlig,3,کیشنلیگ,1
sewügrek,3,سئوۆگره‌ک,1
yırat,3,یېرات,1
yaksa,3,یاقسا,1
ökünçlüg,3,اؤکۆنچلۆگ,1
buşsa,3,بوشسا,1
üdürse,3,اۆدۆرسه,1
ulıtur,3,اولېتور,1
okığlıka,3,اۏقېغلېقا,1
ajunnı,3,آژوننې,1
yaruyur,3,یارویور,1
tégli,3,تیگلی,1
ökünçüm,3,اؤکۆنچۆم,1
kuzğun,3,قوزغون,1
kış,3,قېش,1
kek,3,کک,1
yolındın,3,یۏلېندېن,1
bezedi,3,بزه‌دی,1
tanukluk,3,تانوقلوق,1
kurtğa,3,قورتغا,1
kuçar,3,قوچار,1
karıttı,3,قارېتتې,1
bedütti,3,بدۆتتی,1
yumıttı,3,یومېتتې,1
beklig,3,بکلیگ,1
yokladı,3,یۏقلادې,1
oduğluk,3,اۏدوغلوق,1
kadır,3,قادرا,1
tapuğıña,3,تاپوغېڭا,1
ğarîblık,3,غریبلېق,1
elgim,3,ایلگیم,1
igsizin,3,ایگسیزین,1
bilişmez,3,بیلیشمز,1
kelgüçi,3,کلگۆچی,1
sewdi,3,سئودی,1
kamuğı,3,قاموغې,1
irikse,3,ایریکسه,1
bulğuçı,3,بولغوچې,1
keligli-turur,3,کلیگلی تورور,1
bolğuka,3,بۏلغوقا,1
uzar,3,اوزار,1
erende,3,ارنده,1
erdemlig,3,اردملیگ,1
muñadur,3,موڭادور,1
kurın,3,قورېن,1
kopmış,3,قۏپمېش,1
siñse,3,سیڭسه,1
tegimsiz,3,تیگیمسیز,1
yazukı,3,یازوقې,1
tıñladım,3,تېڭلادېم,1
begiñke,3,بگیڭکه,1
basınma,3,باسېنما,1
uktı,3,اوقتې,1
adakı,3,آداقې,1
egse,3,ایگسه,1
münüñ,3,مۆنۆڭ,1
yorırlar,3,یۏرېرلار,1
talular,3,تالولار,1
borka,3,بۏرقا,1
tezig,3,تزیگ,1
irer,3,ایرر,1
ayada,3,آیادا,1
korı,3,قۏرې,1
sakınmış,3,ساقېنمېش,1
yıramış,3,یېرامېش,1
bedüyür,3,بدۆیۆر,1
ağsa,3,آغسا,1
çawlanur,3,چاولانور,1
bamağıl,3,باماغېل,1
burcı,3,بورجې,1
arturur,3,آرتورور,1
unıtur,3,اونېتور,1
ewürmez,3,ائوۆرمز,1
irikti,3,ایریکتی,1
oldurur,3,اۏلدورور,1
arslanka,3,آرسلانقا,1
okşar,3,اۏقشار,1
keser,3,کَسَر,1
negüni,3,نه‌گۆنی,1
soluñdın,3,سۏلوڭدېن,1
emitmez,3,امیتمز,1
emitse,3,امیتسه,1
açır,3,آچېر,1
barkın,3,بارقېن,1
tédüküm,3,تیدۆکۆم,1
tepremez,3,تپره‌مز,1
emgep,3,امگه‌پ,1
tapnayın,3,تاپنایېن,1
atlığı,3,آتلېغې,1
bedümiş,3,بدۆمیش,1
sewinçim,3,سئوینچیم,1
yarağsızlarığ,3,یاراغسېزلارېغ,1
kolmaz,3,قۏلماز,1
katı,3,قاتې,1
süt,3,سۆت,1
buzulmaz,3,بوزولماز,1
yiter,3,ییتر,1
yarlıkadı,3,یارلېقادې,1
kıldaçı,3,قېلداچې,1
ağış,3,آغېش,1
basınçak,3,باسېنچاق,1
körnür,3,کؤرنۆر,1
tamu,3,تامو,1
tileyin,3,تیله‌یین,1
sözüñke,3,سؤزۆڭکه,1
aka,3,آقا,1
tapğun,3,تاپغون,1
yitrür,3,ییترۆر,1
özneme,3,اؤزنه‌مه,1
öyük,3,اؤیۆک,1
söz-turur,3,سؤز تورور,1
sözlemegü,3,سؤزله‌مه‌گۆ,1
tüşürse,3,تۆشۆرسه,1
üküşi,3,اۆکۆشی,1
sözlep,3,سؤزله‌پ,1
tıñlağu,3,تېڭلاغو,1
ukuldı,3,اوقولدې,1
teprenigli,3,تپره‌نیگلی,1
karıp,3,قارېپ,1
mâl,3,مال,1
karıştı,3,قارېشتې,1
tegşürüldi,3,تگشۆرۆلدی,1
töşekke,3,تؤشککه,1
bérdiler,3,بیردیلر,1
cülâb,3,جۆلاب,0
hâlin,3,حالېن,1
igiñ,3,ایگیڭ,1
irildi,3,ایریلدی,1
adrılur-men,3,آدرېلور من,1
sizik,3,سیزیک,1
ınançsız,3,اېنانچسېز,1
bütme,3,بۆتمه,1
yérim,3,ییریم,1
yazuklarka,3,یازوقلارقا,1
çökürme,3,چؤکۆرمه,1
şifâ,3,شفا,1
yégitlikni,3,ییگیتلیکنی,1
küremiş,3,کۆره‌میش,1
buğrağu,3,بوغراغو,1
yazuksuz,3,یازوقسوز,1
körgeli,3,کؤرگه‌لی,1
katığrak,3,قاتېغراق,1
uçı,3,اوچې,1
bulunmaz,3,بولونماز,1
itümez,3,ایتۆمز,1
akıttı,3,آقېتتې,1
etin,3,ائتین,1
awındım,3,آوېندېم,1
özümke,3,اؤزۆمکه,1
itilmez,3,ایتیلمز,1
kişim,3,کیشیم,1
ataka,3,آتاقا,1
okıdıñ,3,اۏقېدېڭ,1
ögrenü,3,اؤگره‌نۆ,1
çâreˆ,3,چاره,1
ülegil,3,اۆله‌گیل,1
tirigler,3,تیریگلر,1
ukulmış,3,اوقولمېش,1
kata,3,قاتا,1
yép,3,ییپ,1
kodmadı,3,قۏدمادې,1
yığla,3,یېغلا,1
tözüg,3,تؤزۆگ,1
igdür,3,ایگدۆر,1
isizdin,3,ایسیزدین,1
yığa,3,یېغا,1
‘inâyet,3,عنایت,1
dünyâdın,3,دۆنیادېن,1
yorıkıñ,3,یۏرېقېڭ,1
bedütme,3,بدۆتمه,1
tirildim,3,تیریلدیم,1
tire,3,تیره,1
bilmedi,3,بیلمه‌دی,1
eñiñ,3,ایڭیڭ,1
içinde-turur,3,ایچینده تورور,1
kılklığ,3,قېلقلېغ,1
erejlig,3,ارژلیگ,1
könilikte,3,کؤنیلیکته,1
bütülmiş,3,بۆتۆلمیش,1
tepsemegil,3,تپسه‌مه‌گیل,1
muñ,3,موڭ,1
közüñni,3,کؤزۆڭنی,1
körmese,3,کؤرمه‌سه,1
öwkeñ,3,اؤوکڭ,1
seriñen,3,سریڭن,1
kirişke,3,کیریشکه,1
fesâdka,3,فسادقا,1
kılıktın,3,قېلېقتېن,1
törütür,3,تؤرۆتۆر,1
umunç,3,اومونچ,1
itiñil,3,ایتیڭیل,1
kelmez,3,کلمز,1
küwezlenme,3,کۆوه‌زلنمه,1
teggü,3,تیگگۆ,1
iletür,3,ایلتۆر,1
kurıtur,3,قورېتور,1
kopursa,3,قۏپورسا,1
keçürdüñ,3,کئچۆردۆڭ,1
suyurka,3,سویورقا,1
kanmaz,3,قانماز,1
eñi,3,اڭی,1
kölike,3,کؤلیکه,1
yığın,3,یېغېن,1
beglikin,3,بگلیکین,1
azuk,3,آزوق,1
yığaç,3,یېغاچ,1
miñü,3,میڭۆ,1
sakınğıl,3,ساقېنغېل,1
tapla,3,تاپلا,1
ağız,3,آغېز,1
hasım,3,خصم,1
fesâddın,3,فساددېن,1
yüdürdi,3,یۆدۆردی,1
sürgen,3,سۆرگن,1
dünyâda,3,دۆنیادا,1
köçgü,3,کؤچگۆ,1
yatur-men,3,یاتور من,1
tiş,3,تیش,1
yaşap,3,یاشاپ,1
hakıñ,3,حقیڭ,1
aşa,3,آشا,1
yalwara,3,یالوارا,1
hâcetim,3,حاجتیم,1
bulsu,3,بولسو,1
ögret,3,اؤگره‌ت,1
kötrür,3,کؤترۆر,1
saça,3,ساچا,1
bağır,3,باغېر,1
yağuma,3,یاغوما,1
usındın,3,اوسېندېن,1
ewiñ,3,ائویڭ,1
kögsin,3,کؤگسین,1
köñülni,3,کؤڭۆلنی,1
iwit,3,ایویت,1
igdiş,3,ایگدیش,1
tirigle,3,تیریگله,1
pendi,3,پندی,1
katığlandı,3,قاتېغلاندې,1
dirîğâ,3,دریغا,1
bütürgü,3,بۆتۆرگۆ,1
yarağlı,3,یاراغلې,1
bedüki,3,بدۆکی,1
yağudı,3,یاغودې,1
oñardı,3,اۏڭاردې,1
itlü,3,ایتلۆ,1
bolğusı,3,بۏلغوسې,1
toğan,3,تۏغان,1
yimiş,3,ییمیش,1
tıdığlı,3,تېدېغلې,1
üçegü,3,اۆچه‌گۆ,1
du‘ân,3,دعان,1
taşığ,3,تاشېغ,1
kodkısı,3,قۏدقېسې,1
ukuşluğka,3,اوقوشلوغقا,1
emanet,3,امانت,1
tiriglikte,3,تیریگلیکته,1
kümüşke,3,کۆمۆشکه,1
oğlanın,3,اۏغلانېن,1
teñizke,3,تیڭیزکه,1
egni,3,اگنی,1
açğu,3,آچغو,1
basınç,3,باسېنچ,1
süzüldi,3,سۆزۆلدی,1
bilmişe,3,بیلمیشه,1
awınçı,3,آوېنچې,1
teprenürke,3,تپره‌نۆرکه,1
kişilerke,3,کیشیلرکه,1
sewmezin,3,سئومزین,1
savâb,3,صواب,1
hatâ,3,خطا,1
yençse,3,یئنچسه,1
kanat,3,قانات,1
beg-turur,3,بگ تورور,1
büter-men,3,بۆتر من,1
urun,3,اورون,1
kurç,3,قورچ,1
toñ,3,تۏڭ,1
işledi,3,ایشله‌دی,1
igiñe,3,ایگیڭه,1
kedgüsi,3,کدگۆسی,1
üdür,3,اۆدۆر,1
sukka,3,سوققا,1
kamı,3,قامې,1
tegürmez,3,تیگۆرمز,1
ulağlı,3,اولاغلې,1
toru,3,تۏرو,1
bağışla,3,باغېشلا,1
yetür,3,یئتۆر,1
tiren,3,تیرن,1
çawluğ,3,چاولوغ,1
ersigliki,3,ارسیگلیکی,1
söziñe,3,سؤزیڭه,1
azıtur,3,آزېتور,1
tumlıtur,3,توملېتور,1
isinür,3,ایسینۆر,1
himmeti,3,همّتی,1
tutrukı,3,توتروقې,1
sewinse,3,سئوینسه,1
basumaz,3,باسوماز,1
sakçı,3,ساقچې,1
telimrek,3,تلیمره‌ک,1
sora,3,سۏرا,1
bassa,3,باسسا,1
yitürse,3,ییتۆرسه,1
ötler,3,اؤتلر,1
süñük,3,سۆڭۆک,1
bütmez,3,بۆتمز,1
seçer,3,سئچر,1
bitir,3,بیتیر,1
awıtur,3,آوېتور,1
bayuğay,3,بایوغای,1
bedütse,3,بدۆتسه,1
içürse,3,ایچۆرسه,1
kögüzlüg,3,کؤگۆزلۆگ,1
unıtsa,3,اونېتسا,1
korkar,3,قۏرقار,1
uwutı,3,اوووتې,1
urşu,3,اورشو,1
isizlerke,3,ایسیزلرکه,1
süsi,3,سۆسی,1
yüdürmegü,3,یۆدۆرمه‌گۆ,1
titimlig,3,تیتیملیگ,1
öçi,3,اؤچی,1
usuz,3,اوسوز,1
yarağçı,3,یاراغچې,1
ınançlığ,3,اېنانچلېغ,1
kavli,3,قاولی,1
iglep,3,ایگله‌پ,1
tutuzmış,3,توتوزمېش,1
artak,3,آرتاق,1
üdürgü,3,اۆدۆرگۆ,1
yortuğ,3,یۏرتوغ,1
katığlañu,3,قاتېغلاڭو,1
teñlese,3,تڭله‌سه,1
yağıñ,3,یاغېڭ,1
yégitler,3,ییگیتلر,1
töker,3,تؤکر,1
yağ,3,یاغ,1
ederme,3,ائدرمه,1
yansa,3,یانسا,1
açınğu,3,آچېنغو,1
sözlerin,3,سؤزلرین,1
alğuçı,3,آلغوچې,1
yarut,3,یاروت,1
tutumaz,3,توتوماز,1
kep,3,کپ,1
barış,3,بارېش,1
egrilik,3,اگریلیک,1
azak,3,آزاق,1
kesilse,3,کسیلسه,1
kirgü,3,کیرگۆ,1
liv,3,لیو,0
kuşçı,3,قوشچې,1
yaçı,3,یاچې,1
yarasa,3,یاراسا,1
ayıtsa,3,آیېتسا,1
siziklig,3,سیزیکلیگ,1
awçı,3,آوچې,1
kowı,3,قۏوې,1
tilve,3,تیلوه,1
yüdgü,3,یۆدگۆ,1
barğa,3,بارغا,1
kizlegü,3,کیزله‌گۆ,1
ayma,3,آیما,1
salın,3,سالېن,1
hat,3,خطا,1
börike,3,بؤریکه,1
neñe,3,نڭه,1
firişte,3,فرشته,1
yumşadı,3,یومشادې,1
saranlık,3,سارانلېق,1
yığar,3,یېغار,1
ayak,3,آیاق,1
içgüde,3,ایچگۆده,1
yadığlığ,3,یادېغلېغ,1
aşta,3,آشتا,1
kiçki,3,کیچکی,1
oğrısı,3,اۏغرېسې,1
cefâlığ,3,جفالېغ,1
idiş,3,ایدیش,1
yémiş,3,ییمیش,1
asğıña,3,آسغېڭا,1
sakalsız,3,ساقالسېز,1
munın,3,مونېن,1
açmış,3,آچمېش,1
özümde,3,اؤزۆمده,1
yençer,3,یئنچر,1
kullar,3,قوللار,1
todurğu,3,تۏدورغو,1
bérür-men,3,بیرۆر من,1
tügülmiş,3,تۆگۆلمیش,1
kılıçlığ,3,قېلېچلېغ,1
yölekim,3,یؤله‌کیم,1
küwençim,3,کۆوه‌نچیم,1
çawıkar,3,چاوېقار,1
sewme,3,سئومه,1
tüzük,3,تۆزۆک,1
dünyâğ,3,دۆنیاغ,1
üküşrek,3,اۆکۆشره‌ک,1
irinç,3,ایرینچ,1
todtı,3,تۏدتې,1
awın,3,آوېن,1
turğay,3,تورغای,1
erejlensü,3,ارژلنسۆ,1
kadaşlığ,3,قاداشلېغ,1
yarlıkasa,3,یارلېقاسا,1
okıyın,3,اۏقېیېن,1
devât,3,دوات,1
barışğu,3,بارېشغو,1
kendte,3,کندته,1
halkta,3,خلقته,1
kazğan,3,قازغان,1
okır-men,3,اۏقېر من,1
sakınma,3,ساقېنما,1
buzma,3,بوزما,1
karardı,3,قاراردې,1
ışın,3,اېشېن,1
özler,3,اؤزلر,1
yöreyin,3,یؤره‌یین,1
kavşur,3,قاوشور,1
tıñlasa,3,تېڭلاسا,1
tamuğ,3,تاموغ,1
açım,3,آچېم,1
yuwka,3,یووقا,1
küdezmeki,3,کۆدزمکی,1
hasmı,3,خصمی,1
tek,3,تئک,1
tegge,3,تگگه,1
oğulsuz,3,اۏغولسوز,1
tirigde,3,تیریگده,1
harâmığ,3,حرامېغ,1
kime,3,کیمه,1
yağılığ,3,یاغېلېغ,1
tepiz,3,تپیز,1
küñ,3,کۆڭ,1
gevher,3,گوهر,1
cân-turur,3,جان تورور,1
buzğay,3,بوزغای,1
tegürdüm,3,تیگۆردۆم,1
kadaşlık,3,قاداشلېق,1
ayıtma,3,آیېتما,1
kéñeşmez,3,کیڭشمز,1
egil,3,اگیل,1
kéñeşgü,3,کیڭشگۆ,1
turmaz,3,تورماز,1
ölürüg,3,اؤلۆرۆگ,1
itmez,3,ایتمز,1
köçügli,3,کؤچۆگلی,1
meñin,3,مڭین,1
berkitür,3,برکیتۆر,1
koyı,3,قۏیې,1
yémek,3,ییمک,1
içmek,3,ایچمک,1
tiriglik-turur,3,تیریگلیک تورور,1
tatığı,3,تاتېغې,1
tatığlığ,3,تاتېغلېغ,1
semiz,3,سمیز,1
todup,3,تۏدوپ,1
kavuk,3,قاووق,1
yür,3,یۆر,1
suklanur,3,سوقلانور,1
tutğalı,3,توتغالې,1
süzülmiş,3,سۆزۆلمیش,1
bulnasa,3,بولناسا,1
tar,3,تار,1
yorığu,3,یۏرېغو,1
todğu,3,تۏدغو,1
aymışlarım,3,آیمېشلارېم,1
erim,3,اریم,1
sözlerim,3,سؤزلریم,1
teñrike,3,تڭریکه,1
tegsü,3,تگسۆ,1
kazâsın,3,قضاسېن,1
yolçıka,3,یۏلچېقا,1
törüsüz,3,تؤرۆسۆز,1
küdezür,3,کۆدزۆر,1
ötnür,3,اؤتنۆر,1
éçi,3,ایچی,1
tusul,3,توسول,1
barsu,3,بارسو,1
kıyın,3,قېیېن,1
ömiş,3,اؤمیش,1
örledi,3,اؤرله‌دی,1
kömür,3,کؤمۆر,1
kızdı,3,قېزدې,1
yüñi,3,یۆڭی,1
attın,3,آتتېن,1
kötürgey,3,کؤتۆرگَی,1
biligi,3,بیلیگی,1
kurka,3,قورقا,1
zamâneˆ,3,زمانه,1
yüzün,3,یۆزۆن,1
yétürgil,3,ییتۆرگیل,1
téseler,3,تیسه‌لر,1
uşak,3,اوشاق,1
kesse,3,کسسه,1
tuşuñ,3,توشوڭ,1
tıda,3,تېدا,1
teñeşi,3,تڭشی,1
bilmek,3,بیلمک,1
ewürgey,3,ائوۆرگَی,1
tegürme,3,تیگۆرمه,1
tepizlik,3,تپیزلیک,1
otunka,3,اۏتونقا,1
suwın,3,سووېن,1
otundın,3,اۏتوندېن,1
karılğıl,3,قارېلغېل,1
uçuzla,3,اوچوزلا,1
kılıksız,3,قېلېقسېز,1
sew,3,سئو,1
‘âlim,3,عالِم,1
irme,3,ایرمه,1
tegsün,3,تیگسۆن,1
tüşi,3,تۆشی,1
sığınsa,3,سېغېنسا,1
yör,3,یؤر,1
arıtğu,3,آرېتغو,1
meñi,3,مڭی,1
kezip,3,کزیپ,1
meñziñi,3,مڭزیڭی,1
bolumaz,3,بۏلوماز,1
yıdır,3,یېدېر,1
seweriñ,3,سئوریڭ,1
bark,3,برق,1
kevel,3,کَوَل,1
işle,3,ایشله,1
teñleyü,3,تڭله‌یۆ,1
isigin,3,ایسیگین,1
taduñ,3,تادوڭ,1
yésü,3,ییسۆ,1
uçuktı,3,اوچوقتې,1
ınçıkın,3,اېنچېقېن,1
bulundı,3,بولوندې,1
yél-turur,3,ییل تورور,1
sığınğu,3,سېغېنغو,1
örüm,3,اؤرۆم,1
saray,3,سارای,1
ajunluk,3,آژونلوق,1
bertti,3,بئرتتی,1
kılurmız,3,قېلورمېز,1
kalğusuz,3,قالغوسوز,1
atlandı,3,آتلاندې,1
za‘ferân,3,زعفران,1
awındı,3,آوېندې,1
imînlik,3,امینلیک,0
tamâm,3,تمام,1
taşın,3,تاشېن,1
idimdin,3,ایدیمدین,1
arıdı,3,آرېدې,1
yâkût,3,یاقوت,1
usanıp,3,اوسانېپ,1
iliñde,3,ایلیڭده,1
bodnuñ,3,بۏدنوڭ,1
yériñ,3,ییریڭ,1
tazı,3,تازې,1
basğıl,3,باسغېل,1
toğ,3,تۏغ,1
mescid,3,مسجد,1
kılmadın,3,قېلمادېن,1
itgey,3,ایتگَی,1
işleriñ,3,ایشلریڭ,1
kalsunı,3,قالسونې,1
açır-men,3,آچېر من,1
orut,3,اۏروت,1
tiledim,3,تیله‌دیم,1
inçrünüp,3,اینچرۆنۆپ,1
yumuşçıka,3,یوموشچېقا,1
kutlur,3,قوتلور,1
tüşnüñ,3,تۆشنۆڭ,1
yörme,3,یؤرمه,1
küçenmiş,3,کۆچنمیش,1
idike,3,ایدیکه,1
rekveˆ,3,رئکوئˆ,0
mü’minığ,3,مؤمنیگ,1
kürettim,3,کۆرَتتیم,1
barayı,3,بارایې,1
kılayı,3,قېلایې,1
tuştum,3,توشتوم,1
bolayı,3,بۏلایې,1
kültür,2,کۆلتۆر,1
ilk,2,ایلک,1
‘sahabeyi,2,صحابه,1
görenler’,2,گؤرنلر,1
her,2,هر,1
eser,2,اثر,1
aynı,2,عینی,1
kesinti,2,کسینتی,1
geçerli,2,گئچرلی,1
oldu.,2,اۏلدو.,1
da,2,دا,1
büyük,2,بۆیۆک,1
başladı.,2,باشلادې.,1
olan,2,اۏلان,1
edebiyat,2,ادبیات,1
ile,2,ایله,1
birçok,2,بیرچۏق,1
el,2,ائل,1
düzeltmeler,2,دۆزلتمه‌لر,1
yazılmalıdır.,2,یازېلمالېدېر.,1
elektronik,2,الکترونیک,1
ayrı,2,آیرې,1
bi-smi’llâhi’r-rahmâni’r-rahîm,2,بسم الله الرحمن الرحیم,1
hamd,2,حمد,1
minnet,2,منّت,1
yaratğan,2,یاراتغان,1
mâ,2,ما,1
muhammed-i,2,محمّدِ,1
mustafâ,2,مصطفی,1
ağırlığ,2,آغېرلېغ,1
miş,2,میش,1
‘âlimleri,2,عالملری,1
hakîm-,2,حاکم-,1
leri,2,لری,1
tilinçe,2,تیلینچه,1
tasnîf,2,تصنیف,1
kabûl,2,قبول,1
edebü’l-mülûk,2,ادب الملوک,1
îrânlığlar,2,ایرانلېغلار,1
kâşğar,2,قاشغار,1
üskiñe,2,اۆسکیڭه,1
melîk,2,مَلِک,1
törtünçi,2,تؤرتۆنچی,1
‘adilka,2,عدلیکه,1
kanâ‘atka,2,قناعتکه,1
kemâl,2,کمال,1
yétürür,2,ییتۆرۆر,1
éşleriñe,2,ایشلریڭه,1
bezenmiş,2,بزنمیش,1
tüzi,2,تۆزی,1
kizlemiş,2,کیزله‌میش,1
adınlarka,2,آدېنلارقا,1
asığlığ-turur,2,آسېغلېغ تورور,1
türkler,2,تۆرکلر,1
ukumaz,2,اوقوماز,1
hakîmi,2,حکیمی,0
yakşısı,2,یاقشېسې,1
dôstuñ,2,دۏستوڭ,1
élniñ,2,ایلنیڭ,1
yarlıkasu,2,یارلېقاسو,1
‘aceb,2,عجب,1
meliklerke,2,مَلِکلرکه,1
mülkni,2,مۆلکنی,1
melikler,2,مَلِکلر,1
şartı,2,شرطی,1
yâ,2,یا,1
munuñ,2,مونوڭ,1
melikniñ,2,مَلِکنیڭ,1
melik,2,مَلِک,1
çerigin,2,چئریگین,1
adınlar,2,آدېنلار,1
tutğunı,2,توتغونې,1
kutsuz,2,قوتسوز,1
akıtğu,2,آقېتغو,1
tâkati,2,طاقتی,1
râhati,2,راحتی,1
élindin,2,ایلیندین,1
okımış,2,اۏقېمېش,1
atamış,2,آتامېش,1
yériñe,2,ییریڭه,1
kitâblar,2,کتابلار,1
kıymeti,2,قیمتی,1
yarlıka,2,یارلېقا,1
likâ,2,لقاء,1
faslın,2,فصلین,1
ükekni,2,اۆککنی,1
ağırlıkı,2,آغېرلېقې,1
artakı,2,آرتاقې,1
asığların,2,آسېغلارېن,1
ötlemişin,2,اؤتله‌میشین,1
hakkı,2,حقّی,1
okımışın,2,اۏقېمېشېن,1
haber,2,خبر,1
tirilgüsin,2,تیریلگۆسین,1
katılğusın,2,قاتېلغوسېن,1
‘alevîler,2,علویلر,1
otaçılar,2,اۏتاچېلار,1
mu‘azzimler,2,معظملر,1
şâ‘irler,2,شاعرلر,1
tarığçılar,2,تارېغچېلار,1
asrakılarığ,2,آسراقېلارېغ,1
tutğusın,2,توتغوسېن,1
beyânı,2,بیانې,1
kılınur,2,قېلېنور,1
yérip,2,ییریپ,1
aytıp,2,آیتېپ,1
okığalı,2,اۏقېغالې,1
oğramışın,2,اۏغرامېشېن,1
kılmakın,2,قېلماقېن,1
ta‘bîr,2,تعبیر,1
artakın,2,آرتاقېن,1
dôstlar,2,دۏستلار,1
i,2,ای,1
fenâ,2,فنا,1
éşi,2,ایشی,1
birlikiñ,2,بیرلیکیڭ,1
yetti,2,یئتتی,1
seçü,2,سئچۆ,1
barıñ,2,بارېڭ,1
erselerig,2,ارسه‌لریگ,1
meñzegi,2,مڭزه‌گی,1
yatmaz,2,یاتماز,1
udımaz,2,اودېماز,1
soldın,2,سۏلدېن,1
oñun,2,اۏڭون,1
anıñsız,2,آنېڭسېز,1
kötki,2,کؤتکی,1
yaruttuñ,2,یاروتتوڭ,1
kündüzün,2,کۆندۆزۆن,1
içe,2,ایچه,1
serâka,2,سراقا,1
amrul,2,آمرول,1
kançasız,2,قانچاسېز,1
suyurkap,2,سویورقاپ,1
ii,2,ایی,1
anasın,2,آناسېن,1
ümmet,2,امّت,1
yémedi,2,ییمه‌دی,1
anada,2,آنادا,1
halkı,2,خلقی,1
badım,2,بادېم,1
yolıña,2,یۏلېڭا,1
iii,2,اییی,1
awıñu,2,آوېڭو,1
bütügli,2,بۆتۆگلی,1
cânını,2,جانېنې,1
dînka,2,دینقا,1
eşük,2,ائشۆک,1
kızın,2,قېزېن,1
meñesi,2,مڭه‌سی,1
yüdti,2,یۆدتی,1
tüzülse,2,تۆزۆلسه,1
yéli,2,ییلی,1
uştmah,2,اوشتماه,1
kurımış,2,قورېمېش,1
tonandı,2,تۏناندې,1
bezendi,2,بزندی,1
kedip,2,کیدیپ,1
yıd,2,یېد,1
yıdın,2,یېدېن,1
burdı,2,بوردې,1
ördek,2,اؤردک,1
turna,2,تورنا,1
yélgürer,2,ییلگۆرر,1
ağzı,2,آغزې,1
çéçeklikte,2,چیچکلیکته,1
‘ibrî,2,عبری,0
muyğak,2,مویغاق,1
keze,2,کزه,1
katğurar,2,قاتغورار,1
as,2,آس,1
bulıt,2,بولېت,1
tarttı,2,تارتتې,1
kında,2,قېندا,1
taht,2,تخت,1
sewinçke,2,سئوینچکه,1
tuşup,2,توشوپ,1
kapuğda-turur,2,قاپوغدا تورور,1
egdi,2,ایگدی,1
sûretin,2,صورتین,1
körsü,2,کؤرسۆ,1
kalmasunı,2,قالماسونې,1
kéçki,2,کیچکی,1
tañukı,2,تاڭوقې,1
kotur,2,قۏتور,1
yazılsu,2,یازېلسو,1
küjek,2,کۆژک,1
aşasu,2,آشاسو,1
yaşasunı,2,یاشاسونې,1
yaşarmış,2,یاشارمېش,1
kurır,2,قورېر,1
törtinç,2,تؤرتینچ,1
bakışsa,2,باقېشسا,1
béşinçi,2,بیشینچی,1
ewlig,2,ائولیگ,1
ülgü,2,اۆلگۆ,1
körüşmez,2,کؤرۆشمز,1
yaraşturdı,2,یاراشتوردې,1
ukuğ,2,اوقوغ,1
biligni,2,بیلیگنی,1
ota,2,اۏتا,1
burunduk,2,بوروندوق,1
yaruttaçı,2,یاروتتاچې,1
erni,2,ارنی,1
özüñe,2,اؤزۆڭه,1
kesmesüni,2,کسمه‌سۆنی,1
sanur,2,سانور,1
yoklatur,2,یۏقلاتور,1
kısurğıl,2,قېسورغېل,1
ögdilür,2,اؤگدیلۆر,1
karağuka,2,قاراغوقا,1
karağu-turur,2,قاراغو تورور,1
ölgüsüz,2,اؤلگۆسۆز,1
yördüküm,2,یؤردۆکۆم,1
oğluma,2,اۏغلوما,1
kazğanur,2,قازغانور,1
kaşıñ,2,قاشېڭ,1
sözlegey,2,سؤزله‌گَی,1
yinik,2,یینیک,1
yalñluk,2,یالڭلوق,1
yañılmış,2,یاڭېلمېش,1
adrukı,2,آدروقې,1
sözledeçi,2,سؤزله‌ده‌چی,1
tüpsüz,2,تۆپسۆز,1
katındakı,2,قاتېنداقې,1
bulğakı,2,بولغاقې,1
kılıçka,2,قېلېچقا,1
bolmak,2,بۏلماق,1
töşeñü,2,تؤشڭۆ,1
söküşmü,2,سؤکۆشمۆ,1
sınadım,2,سېنادېم,1
bizde,2,بیزده,1
yégleri,2,ییگلری,1
ötkünür,2,اؤتکۆنۆر,1
üçünçte,2,اۆچۆنچته,1
kaça,2,قاچا,1
koprur,2,قۏپرور,1
sözlenür,2,سؤزله‌نۆر,1
beglerinde,2,بگلرینده,1
tejikler,2,تژیکلر,1
efrasiyâb,2,افراسیاب,1
tügünler,2,تۆگۆنلر,1
kulan,2,قولان,1
ukuşuğ,2,اوقوشوغ,1
munar,2,مونار,1
tınar,2,تېنار,1
kimiñde,2,کیمیڭده,1
azlanma,2,آزلانما,1
törtte,2,تؤرتته,1
yüksek,2,یۆکسک,1
töri,2,تؤری,1
bolğusuz,2,بۏلغوسوز,1
tevlig,2,تئولیگ,1
kişike,2,کیشیکه,1
buşma,2,بوشما,1
örüglük,2,اؤرۆگلۆک,1
bütürse,2,بۆتۆرسه,1
sorup,2,سۏروپ,1
yitig,2,ییتیگ,1
buşılık,2,بوشېلېق,1
birtem,2,بیرتم,1
ewinde,2,ائوینده,1
yıllasa,2,یېللاسا,1
isizniñ,2,ایسیزنیڭ,1
urdum,2,اوردوم,1
kutadmış,2,قوتادمېش,1
sénde,2,سینده,1
kırkta,2,قېرقتا,1
tüketse,2,تۆکتسه,1
yayı,2,یایې,1
otuz,2,اۏتوز,1
aşım,2,آشېم,1
yarumaz,2,یاروماز,1
odunğıl,2,اۏدونغېل,1
tilimni,2,تیلیمنی,1
habîb,2,حبیب,1
yetteçi,2,یئتته‌چی,1
ayın,2,آیېن,1
açar-men,2,آچار من,1
muñum,2,موڭوم,1
îmân,2,ایمان,1
şahâdet,2,شهادت,1
tınım,2,تېنېم,1
rahmetin,2,رحمتین,1
yapçur,2,یاپچور,1
kesilmez,2,کسیلمز,1
kadri,2,قدری,1
tınsa,2,تېنسا,1
börk,2,بؤرک,1
kedür,2,کیدۆر,1
yaşıña,2,یاشېڭا,1
saklap,2,ساقلاپ,1
saklıkı,2,ساقلېقې,1
sığnu,2,سېغنو,1
éşik,2,ایشیک,1
tamar,2,تامار,1
yorır-men,2,یۏرېر من,1
erdemlerim,2,اردملریم,1
yañlur,2,یاڭلور,1
étse,2,ایتسه,1
yorıyu,2,یۏرېیو,1
muñadtı,2,موڭادتې,1
sökme,2,سؤکمه,1
otağ,2,اۏتاغ,1
kelsüni,2,کلسۆنی,1
bilsü,2,بیلسۆ,1
yıraktın,2,یېراقتېن,1
ögdini,2,اؤگدینی,1
sewitse,2,سئویتسه,1
öktem,2,اؤکتم,1
tetrüsi,2,تئترۆسی,1
tutsunı,2,توتسونې,1
yüdgüsi,2,یۆدگۆسی,1
devleti,2,دَولتی,1
badıñ,2,بادېڭ,1
iwse,2,ایوسه,1
tıñladı,2,تېڭلادې,1
körmişim,2,کؤرمیشیم,1
kızlıkı,2,قېزلېقې,1
kayuda-turur,2,قایودا تورور,1
yügürdi,2,یۆگۆردی,1
ünde,2,اۆنده,1
söküp,2,سؤکۆپ,1
yükündi,2,یۆکۆندی,1
sewitti,2,سئویتتی,1
ornum,2,اۏرنوم,1
érmedin,2,ایرمه‌دین,1
açlıp,2,آچلېپ,1
kıyılmadı,2,قېیېلمادې,1
törçidi,2,تؤرچیدی,1
arturu,2,آرتورو,1
yaransa,2,یارانسا,1
açındı,2,آچېندې,1
ed,2,ائد,1
bışmış,2,بېشمېش,1
tapındurğu,2,تاپېندورغو,1
açınsa,2,آچېنسا,1
bışurğu,2,بېشورغو,1
sınağu,2,سېناغو,1
ağırlasa,2,آغېرلاسا,1
kötürgü,2,کؤتۆرگۆ,1
kına,2,قېنا,1
kıyâs,2,قیاس,1
tapuğluğ,2,تاپوغلوغ,1
tañladım,2,تاڭلادېم,1
ewürdüñ,2,ائوۆردۆڭ,1
begiñni,2,بگیڭنی,1
ot-turur,2,اۏت تورور,1
sorar,2,سۏرار,1
ayıttıñ,2,آیېتتېڭ,1
körkitü,2,کؤرکیتۆ,1
orunsuz,2,اۏرونسوز,1
baktıñ,2,باقتېڭ,1
tutar-men,2,توتار من,1
tezginürler,2,تیزگینۆرلر,1
tınmadı,2,تېنمادې,1
tayığ,2,تایېغ,1
erdemiñ,2,اردمیڭ,1
bedükke,2,بدۆککه,1
urayın,2,اورایېن,1
küreş,2,کۆره‌ش,1
erdemleriñ,2,اردملریڭ,1
neñler,2,نڭلر,1
bolurda,2,بۏلوردا,1
törütügli,2,تؤرۆتۆگلی,1
irsellikiñ,2,ایرسللیکیڭ,1
érip,2,ایریپ,1
kestim,2,کستیم,1
buldaçı,2,بولداچې,1
kutnı,2,قوتنې,1
kattı,2,قاتتې,1
tuşa,2,توشا,1
sewdim,2,سئودیم,1
kelmekiñ,2,کلمکیڭ,1
yapar,2,یاپار,1
kaçar-men,2,قاچار من,1
biliñü,2,بیلیڭۆ,1
atımı,2,آتېمې,1
irlü,2,ایرلۆ,1
eksür,2,اکسۆر,1
saçlur,2,ساچلور,1
münkalib,2,منقلب,1
yıkar,2,یېقار,1
okşadı,2,اۏقشادې,1
kelir-men,2,کلیر من,1
emim,2,ائمیم,1
yaradı,2,یارادې,1
ârzûsı,2,آرزوسې,1
tınmadın,2,تېنمادېن,1
biziñe,2,بیزیڭه,1
kawuşturdı,2,قاووشتوردې,1
tügmiş,2,تۆگمیش,1
sözlegüke,2,سؤزله‌گۆکه,1
eymenür-men,2,ائیمنۆر من,1
karaka,2,قاراقا,1
öwkesi,2,اؤوکه‌سی,1
oñuñdın,2,اۏڭوڭدېن,1
belgülep,2,بلگۆله‌پ,1
ülgülep,2,اۆلگۆله‌پ,1
aşnukı,2,آشنوقې,1
bilgil,2,بیلگیل,1
ukturu,2,اوقتورو,1
kılkları,2,قېلقلارې,1
adaklığ,2,آداقلېغ,1
egriler,2,اگریلر,1
da‘vî,2,دعوی,1
könidin,2,کؤنیدین,1
kaşım,2,قاشېم,1
kelirke,2,کلیرکه,1
keserde,2,کَسَرده,1
bulmağay,2,بولماغای,1
irilmez,2,ایریلمز,1
ok-turur,2,اۏق تورور,1
eksümedi,2,اکسۆمه‌دی,1
yokalmaz,2,یۏقالماز,1
törüm,2,تؤرۆم,1
yadılsu,2,یادېلسو,1
tapısı,2,تاپېسې,1
taplasa,2,تاپلاسا,1
kıyğan,2,قېیغان,1
ay(ünlem),2,آی(ۆنلم),1
artğa,2,آرتغا,1
kölük,2,کؤلۆک,1
yanığ,2,یانېغ,1
tilekimni,2,تیلکیمنی,1
açsu,2,آچسو,1
tuğup,2,توغوپ,1
ötkünç,2,اؤتکۆنچ,1
sama,2,سما,1
ölmeginçe,2,اؤلمه‌گینچه,1
tutmağınça,2,توتماغېنچا,1
yorıkları,2,یۏرېقلارې,1
kın,2,قېن,1
ukarmu,2,اوقارمو,1
bilirmü,2,بیلیرمۆ,1
edgüni,2,ائدگۆنی,1
yérer,2,ییرر,1
kodur-men,2,قۏدور من,1
ögeyin,2,اؤگه‌یین,1
sewmeyin,2,سئومه‌یین,1
düşman,2,دۆشمان,1
sızıp,2,سېزېپ,1
ölsüni,2,اؤلسۆنی,1
sezâka,2,سزاقا,1
tapınma,2,تاپېنما,1
kereklep,2,کیرکله‌پ,1
ayıtmadı,2,آیېتمادې,1
til-turur,2,تیل تورور,1
yanur,2,یانور,1
berklig,2,برکلیگ,1
akıtsa,2,آقېتسا,1
osuğluğ,2,اۏسوغلوغ,1
kum,2,قوم,1
kerekligni,2,کیرکلیگنی,1
korksa,2,قۏرقسا,1
tilindin,2,تیلیندین,1
sözlegüsi,2,سؤزله‌گۆسی,1
tıdığ,2,تېدېغ,1
yoklar,2,یۏقلار,1
söznüñ,2,سؤزنۆڭ,1
kizleme,2,کیزله‌مه,1
uluğdın,2,اولوغدېن,1
sökgüsi,2,سؤکگۆسی,1
ağırı,2,آغېرې,1
öküç,2,اؤکۆچ,1
ağığlı,2,آغېغلې,1
tükelin,2,تۆکلین,1
yanar,2,یانار,1
tolmış,2,تۏلمېش,1
egildi,2,اگیلدی,1
tamur,2,تامور,1
içürgü,2,ایچۆرگۆ,1
katmış,2,قاتمېش,1
boşutğu,2,بۏشوتغو,1
şerâb,2,شراب,1
koradı,2,قۏرادې,1
yétti,2,ییتتی,1
çurnı,2,چورنې,1
ögit,2,اؤگیت,1
öldeçi,2,اؤلده‌چی,1
hâlini,2,حالېنې,1
başlağuçı,2,باشلاغوچې,1
köñlüñi,2,کؤڭلۆڭی,1
ağışka,2,آغېشقا,1
éniş,2,اینیش,1
edizke,2,ائدیزکه,1
çal,2,چال,1
tal,2,تال,1
rabdın,2,ربدین,1
kılğamu,2,قېلغامو,1
ölmegey,2,اؤلمه‌گَی,1
élçi,2,ایلچی,1
ağrudı,2,آغرودې,1
kürek,2,کۆره‌ک,1
térdi,2,تیردی,1
odlur,2,اۏدلور,1
sakınçka,2,ساقېنچقا,1
sızar,2,سېزار,1
tirdim,2,تیردیم,1
kılmadım,2,قېلمادېم,1
söktüm,2,سؤکتۆم,1
tokırka,2,تۏقېرقا,1
toğdum,2,تۏغدوم,1
yetilmez,2,یئتیلمز,1
sığıtka,2,سېغېتقا,1
kadaşlarka,2,قاداشلارقا,1
igidtiñ,2,ایگیدتیڭ,1
bedüttüñ,2,بدۆتتۆڭ,1
kuçtı,2,قوچتې,1
buyrukı,2,بویروقې,1
atamaz,2,آتاماز,1
irip,2,ایریپ,1
ardı,2,آردې,1
armasunı,2,آرماسونې,1
ulır-men,2,اولېر من,1
tarmakı,2,تارماقې,1
yumğılarığ,2,یومغېلارېغ,1
hîleˆsiz,2,حیله‌سیز,1
aytayın,2,آیتایېن,1
tirildiñ,2,تیریلدیڭ,1
meñ,2,مڭ,1
tıdar,2,تېدار,1
hikmet,2,حکمت,1
tutmadı,2,توتمادې,1
büke,2,بۆکه,1
usandıñ,2,اوساندېڭ,1
artğu,2,آرتغو,1
butuğ,2,بوتوغ,1
vakt,2,وقت,1
odul,2,اۏدول,1
yaruğu,2,یاروغو,1
oğuldın,2,اۏغولدېن,1
atadın,2,آتادېن,1
oğuluğ,2,اۏغولوغ,1
ögretgü,2,اؤگره‌تگۆ,1
kadğuñı,2,قادغوڭې,1
küyer-men,2,کۆیر من,1
tüte,2,تۆته,1
bitilmiş,2,بیتیلمیش,1
ecelke,2,اجلکه,1
kadğurar,2,قادغورار,1
ağıt,2,آغېت,1
ınçık,2,اېنچېق,1
ökün,2,اؤکۆن,1
yañu,2,یاڭو,1
törügli,2,تؤرۆگلی,1
bérmegeymü,2,بیرمه‌گَیمۆ,1
uçuzka,2,اوچوزقا,1
meñzeyür,2,مڭزه‌یۆر,1
‘iz,2,عزّ,1
köñüldin,2,کؤڭۆلدین,1
belânı,2,بلانې,1
öyü,2,اؤیۆ,1
ınanğıl,2,اېنانغېل,1
kızartğay,2,قېزارتغای,1
emin,2,امین,1
yadılğay,2,یادېلغای,1
yağutma,2,یاغوتما,1
uşakçı,2,اوشاقچې,1
tégil,2,تیگیل,1
buka,2,بوقا,1
edgülükte,2,ائدگۆلۆکته,1
buzulmış,2,بوزولمېش,1
üñke,2,اۆڭکه,1
yazuktın,2,یازوقتېن,1
küwezlenmegil,2,کۆوزلنمه‌گیل,1
tayanma,2,تایانما,1
zinâ,2,زنا,1
fâsık,2,فاسق,1
atanma,2,آتانما,1
bordın,2,بۏردېن,1
yüzüñke,2,یۆزۆڭکه,1
eksümegey,2,ائکسۆمه‌گَی,1
kâğıd,2,کاغېذ,1
kılmışı,2,قېلمېشې,1
érildi,2,ایریلدی,1
yorıttım,2,یۏرېتتېم,1
bedütgey,2,بدۆتگَی,1
erksizin,2,ارکسیزین,1
sukıña,2,سوقېڭا,1
aşıñ,2,آشېڭ,1
tıdın,2,تېدېن,1
busuğdın,2,بوسوغدېن,1
kaçıp,2,قاچېپ,1
aşundı,2,آشوندې,1
anasında,2,آناسېندا,1
mañım,2,ماڭېم,1
gûrüñ,2,گورۆڭ,1
kelgüsüz,2,کلگۆسۆز,1
ökünçte,2,اؤکۆنچته,1
‘aybın,2,عیبین,1
ölimez,2,اؤلیمز,1
sakığ,2,ساقېغ,1
koyka,2,قۏیقا,1
bedizlig,2,بدیزلیگ,1
teggüsi,2,تگگۆسی,1
yégüke,2,ییگۆکه,1
tegirmü,2,تگیرمۆ,1
tüketür,2,تۆکتۆر,1
yayılmaz,2,یایېلماز,1
kazâka,2,قضاقا,1
begliki,2,بگلیکی,1
béş,2,بیش,1
buza,2,بوزا,1
yazukuñ,2,یازوقوڭ,1
tüşünde,2,تۆشۆنده,1
usandım,2,اوساندېم,1
tegmesün,2,تگمه‌سۆن,1
sözdin,2,سؤزدین,1
üdin,2,اۆدین,1
kumarum,2,قوماروم,1
yanış,2,یانېش,1
cânlığ,2,جانلېغ,1
yetmiş,2,یئتمیش,1
ölümnüñ,2,اؤلۆمنۆڭ,1
bağırsaklıkıñ,2,باغېرساقلېقېڭ,1
ölür-men,2,اؤلۆر من,1
yetîm,2,یتیم,1
ögsüzün,2,اؤگسۆزۆن,1
itilsü,2,ایتیلسۆ,1
alık,2,آلېق,1
türe,2,تۆره,1
oğlıña,2,اۏغلېڭا,1
bitigim,2,بیتیگیم,1
okısun,2,اۏقېسون,1
könike,2,کؤنیکه,1
kuça,2,قوچا,1
kördüñ,2,کؤردۆڭ,1
kutın,2,قوتېن,1
kuçup,2,قوچوپ,1
ökünçler,2,اؤکۆنچلر,1
igidmiş,2,ایگیدمیش,1
karınka,2,قارېنقا,1
teprer,2,تپرر,1
tını,2,تېنې,1
kalbüd,2,کالبد,1
toğmaduk,2,تۏغمادوق,1
teniñ,2,تنیڭ,1
keslür,2,کسلۆر,1
tüñdisi,2,تۆڭدیسی,1
tegmedi,2,تگمه‌دی,1
atalık,2,آتالېق,1
ittiñ,2,ایتتیڭ,1
tapındıñ,2,تاپېندېڭ,1
ötediñ,2,اؤته‌دیڭ,1
yidiñ,2,ییدیڭ,1
hakıñnı,2,حقیڭنی,1
öteyümedim,2,اؤته‌یۆمه‌دیم,1
bérsüni,2,بیرسۆنی,1
sakınçığ,2,ساقېنچېغ,1
yaptı,2,یاپتې,1
kadğusın,2,قادغوسېن,1
pendini,2,پندینی,1
atañnı,2,آتاڭنې,1
anañnı,2,آناڭنې,1
kemişti,2,کمیشتی,1
unıttım,2,اونېتتېم,1
birisin,2,بیریسین,1
birim,2,بیریم,1
ötegü,2,اؤته‌گۆ,1
yanutın,2,یانوتېن,1
yatğak,2,یاتغاق,1
köñliñe,2,کؤڭلیڭه,1
miñüçi,2,میڭۆچی,1
isizni,2,ایسیزنی,1
yarağlısı,2,یاراغلېسې,1
yorığlısı,2,یۏرېغلېسې,1
kodğuçı,2,قۏدغوچې,1
telimde,2,تلیمده,1
boluğluğ,2,بۏلوغلوغ,1
beginde,2,بگینده,1
awıçğa,2,آوېچغا,1
tapuğdın,2,تاپوغدېن,1
yükleri,2,یۆکلری,1
kişilerde,2,کیشیلرده,1
bügülep,2,بۆگۆله‌پ,1
çırğuy,2,چېرغوی,1
tére,2,تیره,1
bilmediñ,2,بیلمه‌دیڭ,1
yığıp,2,یېغېپ,1
bérmediñ,2,بیرمه‌دیڭ,1
ögrenürmü,2,اؤگره‌نۆرمۆ,1
tilekini,2,تیلکینی,1
kılurka,2,قېلورقا,1
vefâka,2,وفاقا,1
atıñnı,2,آتېڭنې,1
bedüt,2,بدۆت,1
arkası,2,آرقاسې,1
yalım,2,یالېم,1
yıldızı,2,یېلدېزې,1
uluğsığ,2,اولوغسېغ,1
erip,2,اریپ,1
siñer,2,سیڭر,1
işlerin,2,ایشلرین,1
küdezdi,2,کۆدزدی,1
kılça,2,قېلچا,1
bağırsakka,2,باغېرساققا,1
kazar,2,قازار,1
çerigde,2,چئریگده,1
karakçı,2,قاراقچې,1
basımçı,2,باسېمچې,1
kısmet,2,قسمت,1
yağma,2,یاغما,1
yorığlıka,2,یۏرېغلېقا,1
ınandı,2,اېناندې,1
kişisin,2,کیشیسین,1
met,2,مئت,0
yaşasu,2,یاشاسو,1
iligni,2,ایلیگنی,1
yığlur,2,یېغلور,1
bağ,2,باغ,1
köze,2,کؤزه,1
kolğu,2,قۏلغو,1
öglenür,2,اؤگله‌نۆر,1
uluğrak,2,اولوغراق,1
kişedi,2,کیشه‌دی,1
belgülük,2,بئلگۆلۆک,1
adırtı,2,آدېرتې,1
yalıñuk,2,یالېڭوق,1
küwençi,2,کۆوه‌نچی,1
bakar,2,باقار,1
sewiglig,2,سئویگلیگ,1
yüdse,2,یۆدسه,1
yüdügli,2,یۆدۆگلی,1
koldukuñ,2,قۏلدوقوڭ,1
tikse,2,تیکسه,1
tersi,2,ترسی,1
eşitmek,2,ائشیتمک,1
tildin,2,تیلدین,1
kulnuñ,2,قولنوڭ,1
beglikke,2,بگلیککه,1
üzülse,2,اۆزۆلسه,1
uktuñ,2,اوقتوڭ,1
titim,2,تیتیم,1
ötüken,2,اؤتۆکن,1
kulıña,2,قولېڭا,1
arkukı,2,آرقوقې,1
korklık,2,قۏرقلېق,1
bağu,2,باغو,1
ögüg,2,اؤگۆگ,1
oñarsa,2,اۏڭارسا,1
osğı,2,اۏسغې,1
atağıl,2,آتاغېل,1
té,2,تی,1
kurğu,2,قورغو,1
todur,2,تۏدور,1
hiyânet,2,خیانت,1
tokınur,2,تۏقېنور,1
beki,2,بکی,1
yençti,2,یئنچتی,1
yenç,2,یئنچ,1
sançtı,2,سانچتې,1
osalığ,2,اۏسالېغ,1
yetrür,2,یئترۆر,1
aksa,2,آقسا,1
öner,2,اؤنر,1
kögü,2,کؤگۆ,1
törti,2,تؤرتی,1
törtünç,2,تؤرتۆنچ,1
neñde,2,نڭده,1
salıp,2,سالېپ,1
karalı,2,قارالې,1
adırttı,2,آدېرتتې,1
körüñ,2,کؤرۆڭ,1
küwense,2,کۆوه‌نسه,1
körklüglüki,2,کؤرکلۆگلۆکی,1
süçigke,2,سۆچیگکه,1
koltğuçı,2,قۏلتغوچې,1
biligsizni,2,بیلیگسیزنی,1
tıdğuçı,2,تېدغوچې,1
yetgey,2,یئتگَی,1
içgüçi,2,ایچگۆچی,1
yup,2,یوپ,1
arır,2,آرېر,1
siyâsetka,2,سیاستکه,1
yıldız,2,یېلدېز,1
begdin,2,بگدین,1
yıkıldı,2,یېقېلدې,1
kılıçsız,2,قېلېچسېز,1
kılıçın,2,قېلېچېن,1
saklağu,2,ساقلاغو,1
sewmegüçi,2,سئومه‌گۆچی,1
seweri,2,سئوری,1
bütünsüz,2,بۆتۆنسۆز,1
işinde,2,ایشینده,1
hatarlığ,2,خطرلېغ,1
ınanmaz,2,اېنانماز,1
tapılık,2,تاپېلېق,1
tiñlik,2,تیڭلیک,1
ukmışım,2,اوقمېشېم,1
isinse,2,ایسینسه,1
kızartsa,2,قېزارتسا,1
yadığlı,2,یادېغلې,1
yilig,2,ییلیگ,1
körkiñe,2,کؤرکیڭه,1
içiñe,2,ایچیڭه,1
sakışın,2,ساقېشېن,1
oñarmaz,2,اۏڭارماز,1
nişânı-turur,2,نیشانې تورور,1
törütmezde,2,تؤرۆتمزده,1
sewügsüz,2,سئوۆگسۆز,1
bitigli,2,بیتیگلی,1
eymenük,2,ائیمنۆک,1
işçileri,2,ایشچیلری,1
yaraşmaz,2,یاراشماز,1
katıldı,2,قاتېلدې,1
yañnı,2,یاڭنې,1
ulup,2,اولوپ,1
tirilgey,2,تیریلگَی,1
yağını,2,یاغېنې,1
küsin,2,کۆسین,1
tişiler,2,تیشیلر,1
üdsüz,2,اۆدسۆز,1
karşur,2,قارشور,1
uwutka,2,اوووتقا,1
sewseler,2,سئوسه‌لر,1
aşlığ,2,آشلېغ,1
hışmet,2,حشمت,1
toñuz,2,تۏڭوز,1
kotoz,2,قۏتۏز,1
tilkü,2,تیلکۆ,1
yadar,2,یادار,1
kögsi,2,کؤگسی,1
komıtsa,2,قۏمېتسا,1
tüm,2,تۆم,1
teñlemiş,2,تڭله‌میش,1
yortsa,2,یۏرتسا,1
adırğu,2,آدېرغو,1
tüzüp,2,تۆزۆپ,1
kalmasa,2,قالماسا,1
yorıkın,2,یۏرېقېن,1
‘alem,2,عالَم,1
toyuğ,2,تۏیوغ,1
ıdmasa,2,اېدماسا,1
alu,2,آلو,1
hileˆ,2,حیله,1
oduğluk-turur,2,اۏدوغلوق تورور,1
tokışka,2,تۏقېشقا,1
yaraşğu,2,یاراشغو,1
alşıp,2,آلشېپ,1
usandur,2,اوساندور,1
üküşüg,2,اۆکۆشۆگ,1
oğrasa,2,اۏغراسا,1
körüşse,2,کؤرۆشسه,1
okçı,2,اۏقچې,1
kırğıl,2,قېرغېل,1
ersiglerig,2,ارسیگلریگ,1
udıtur,2,اودېتور,1
ınanur,2,اېنانور,1
tegişgü,2,تگیشگۆ,1
okun,2,اۏقون,1
tegiş,2,تگیش,1
tünleri,2,تۆنلری,1
künleri,2,کۆنلری,1
bat,2,بات,1
kızartur,2,قېزارتور,1
karışsa,2,قارېشسا,1
teprese,2,تپره‌سه,1
turmağıl,2,تورماغېل,1
todu,2,تۏدو,1
tirlümez,2,تیرلۆمز,1
koluğlı,2,قۏلوغلې,1
uçarığ,2,اوچارېغ,1
ölmiş,2,اؤلمیش,1
awar,2,آوار,1
tusulsa,2,توسولسا,1
bilmişi,2,بیلمیشی,1
hâciblar,2,حاجبلار,1
hâciblıkka,2,حاجبلېققا,1
toğursa,2,تۏغورسا,1
teñler,2,تڭلر,1
almaz,2,آلماز,1
siñimlig,2,سیڭیملیگ,1
yémişsiz,2,ییمیشسیز,1
yüzüg,2,یۆزۆگ,1
körümez,2,کؤرۆمز,1
kıwçakı,2,قېوچاقې,1
isir,2,ایسیر,1
esîr,2,اسیر,1
iş-turur,2,ایش تورور,1
ötügçi,2,اؤتۆگچی,1
etükçi,2,ائتۆکچی,1
keliş,2,کلیش,1
açığlığ,2,آچېغلېغ,1
yazım,2,یازېم,1
hâciblarka,2,حاجبلارقا,1
yağutsa,2,یاغوتسا,1
erin,2,ارین,1
tutnumaz,2,توتنوماز,1
kirmese,2,کیرمه‌سه,1
hılın,2,هېلېن,0
açı,2,آچې,1
saklasa,2,ساقلاسا,1
körkini,2,کؤرکینی,1
yadlur,2,یادلور,1
töşekçi,2,تؤشکچی,1
todursa,2,تۏدورسا,1
tarlıkın,2,تارلېقېن,1
ötese,2,اؤته‌سه,1
bağırsız,2,باغېرسېز,1
oğulda,2,اۏغولدا,1
tod,2,تۏد,1
kitmez,2,کیتمز,1
çögenke,2,چؤگنکه,1
awda,2,آودا,1
uzı,2,اوزې,1
kullarında,2,قوللارېندا,1
yalawaçtın,2,یالاواچتېن,1
tüzmiş,2,تۆزمیش,1
ukuşluğnı,2,اوقوشلوغنې,1
aşunsa,2,آشونسا,1
suklukı,2,سوقلوقې,1
umdu,2,اومدو,1
baylıkı,2,بایلېقې,1
‘aded,2,عدد,1
cedri,2,جدری,1
kıwçak,2,قېوچاق,1
tutsalar,2,توتسالار,1
atsız,2,آتسېز,1
erdin,2,اردین,1
ildrür,2,ایلدرۆر,1
örter,2,اؤرتر,1
yumşar,2,یومشار,1
ötelsün,2,اؤتلسۆن,1
ağzıñ,2,آغزېڭ,1
tanı,2,تانې,1
ağızdın,2,آغېزدېن,1
küygey,2,کۆیگَی,1
hatı,2,خاطی,0
belâğat,2,بلاغت,1
tutlur,2,توتلور,1
umdusuz,2,اومدوسوز,1
alsıkar,2,آلسېقار,1
yastanur,2,یاستانور,1
yıratsa,2,یېراتسا,1
talula,2,تالولا,1
tükendi,2,تۆکندی,1
tegmiş,2,تگمیش,1
cânda,2,جاندا,1
arta,2,آرتا,1
todmış,2,تۏدمېش,1
adrar,2,آدرار,1
edlemez,2,ائدله‌مز,1
alumaz,2,آلوماز,1
kiriş,2,کیریش,1
ışanma,2,اېشانما,1
sakışta,2,ساقېشتا,1
işçiler,2,ایشچیلر,1
çalar,2,چالار,1
sasa,2,ساسا,1
havâğ,2,هواغ,0
unı,2,اونې,1
alımka,2,آلېمقا,1
bérimke,2,بیریمکه,1
akılar,2,آقېلار,1
sewerig,2,سئوه‌ریگ,1
aymağu,2,آیماغو,1
kıysa,2,قېیسا,1
tüñülgey,2,تۆڭۆلگَی,1
yam,2,یام,1
yañança,2,یاڭانچا,1
açınu,2,آچېنو,1
süçinü,2,سۆچینۆ,1
emgekke,2,امگککه,1
tadusı,2,تادوسې,1
cânıñ,2,جانېڭ,1
cânnı,2,جاننې,1
arığlıknı,2,آرېغلېقنې,1
hıyânet,2,خیانت,1
begini,2,بگینی,1
kirürde,2,کیرۆرده,1
atğu,2,آتغو,1
otlar,2,اۏتلار,1
boğuzın,2,بۏغوزېن,1
kemi,2,گیمی,1
katsa,2,قاتسا,1
cülengbîn,2,جۆلنگبین,0
küdezilse,2,کۆدزیلسه,1
yig,2,ییگ,1
kizleyin,2,کیزله‌یین,1
tapğın,2,تاپغېن,1
tarîkat,2,طریقت,1
umınçka,2,اومېنچقا,1
todrur,2,تۏدرور,1
yalıñnı,2,یالېڭنې,1
atamağu,2,آتاماغو,1
tutmak,2,توتماق,1
ulaşu,2,اولاشو,1
sartlar,2,سارتلار,1
urduñ,2,اوردوڭ,1
artsu,2,آرتسو,1
bayup,2,بایوپ,1
kalğuçı,2,قالغوچې,1
tapsa,2,تاپسا,1
ülegü,2,اۆله‌گۆ,1
tutğay,2,توتغای,1
yumıtur,2,یومېتور,1
yumıtmış,2,یومېتمېش,1
kılmadıñ,2,قېلمادېڭ,1
yöle,2,یؤله,1
artukı,2,آرتوقې,1
sewinsü,2,سئوینسۆ,1
kullukın,2,قوللوقېن,1
yandur,2,یاندور,1
semridi,2,سمریدی,1
örtme,2,اؤرتمه,1
sewinçler,2,سئوینچلر,1
tına,2,تېنا,1
yorıttıñ,2,یۏرېتتېڭ,1
sewin,2,سئوین,1
taşırtın,2,تاشېرتېن,1
içtin,2,ایچتین,1
tapuğçığ,2,تاپوغچېغ,1
eymenür,2,ائیمنۆر,1
köre,2,کؤره,1
kelirmü,2,کلیرمۆ,1
ayıttım,2,آیېتتېم,1
bilmişiñ,2,بیلمیشیڭ,1
ögdüñ,2,اؤگدۆڭ,1
iteyin,2,ایته‌یین,1
bütsü,2,بۆتسۆ,1
bilmesü,2,بیلمه‌سۆ,1
ewrülür,2,ائورۆلۆر,1
kazâ,2,قازا,1
eg,2,ایگ,1
kadaşıñnı,2,قاداشېڭنې,1
tatığlar,2,تاتېغلار,1
muyanı,2,مویانې,1
udımış,2,اودېمېش,1
halktın,2,خلقتین,1
kizler,2,کیزلر,1
sırrım,2,سرّېم,1
todğusı,2,تۏدغوسې,1
tapındım,2,تاپېندېم,1
yét,2,ییت,1
tejik,2,تژیک,1
bilgesi,2,بیلگه‌سی,1
begiñ,2,بگیڭ,1
bolun,2,بۏلون,1
kurıttım,2,قورېتتېم,1
tamğalap,2,تامغالاپ,1
yörüp,2,یؤرۆپ,1
kesme,2,کسمه,1
kalkan,2,قالقان,1
kawuşsa,2,قاووشسا,1
yırap,2,یېراپ,1
köñüldeş,2,کؤڭۆلدش,1
yüklerin,2,یۆکلرین,1
tapşur,2,تاپشور,1
münâzaraˆ,2,مناظره,1
kadğura,2,قادغورا,1
yıradıñ,2,یېرادېڭ,1
umaz,2,اوماز,1
iglemez,2,ایگله‌مز,1
sözlemez-men,2,سؤزله‌مز من,1
boldukum,2,بۏلدوقوم,1
bayattın-turur,2,بایاتتېن تورور,1
ulu,2,اولو,1
kelmişiñde,2,کلمیشیڭده,1
ewürme,2,ائوۆرمه,1
yağısız,2,یاغېسېز,1
sızğurur,2,سېزغورور,1
törüse,2,تؤرۆسه,1
yarp,2,یارپ,1
sırınçğa,2,سېرېنچغا,1
sınağı,2,سېناغې,1
çıbun,2,چېبون,1
halâldin,2,حلالدین,1
tusulmak,2,توسولماق,1
koldaşı,2,قۏلداشې,1
açmaz,2,آچماز,1
udula,2,اودولا,1
er-turur,2,ار تورور,1
sözleseler,2,سؤزله‌سه‌لر,1
söker,2,سؤکر,1
erlik,2,ارلیک,1
küdüp,2,کۆدۆپ,1
azığ,2,آزېغ,1
tügmese,2,تۆگمه‌سه,1
cevâbın,2,جوابېن,1
sözçi,2,سؤزچی,1
sultân-turur,2,سلطان تورور,1
tirgüki,2,تیرگۆکی,1
edgülükni,2,ائدگۆلۆکنی,1
sewüglüg,2,سئوۆگلۆگ,1
yüzde,2,یۆزده,1
ötegil,2,اؤته‌گیل,1
teñeş,2,تڭش,1
kéñeşür,2,کیڭشۆر,1
baralım,2,بارالېم,1
tilerke,2,تیلرکه,1
çigil,2,چیگیل,1
yarağlığnı,2,یاراغلېغنې,1
alğalı,2,آلغالې,1
arakı,2,آراقې,1
içindeki,2,ایچینده‌کی,1
sewmiş,2,سئومیش,1
sewmişi,2,سئومیشی,1
bayat-men,2,بایات من,1
yilgitür,2,ییلگیتۆر,1
şübheˆ,2,شبهه,1
awıtsa,2,آوېتسا,1
baylık-turur,2,بایلېق تورور,1
barığlı-turur,2,بارېغلې تورور,1
barığlı,2,بارېغلې,1
tuzakçı,2,توزاقچې,1
torka,2,تۏرقا,1
kirmez,2,کیرمز,1
oyı,2,اۏیې,1
ökünse,2,اؤکۆنسه,1
siñmese,2,سیڭمه‌سه,1
tu,2,تو,1
soğuk,2,سۏغوق,1
yunmak,2,یونماق,1
yüdmek,2,یۆدمک,1
soñında,2,سۏڭېندا,1
kitergü,2,کیترگۆ,1
muñka,2,موڭقا,1
birni,2,بیرنی,1
osuğluğ-turur,2,اۏسوغلوغ تورور,1
idisin,2,ایدیسین,1
awka,2,آوقا,1
tilekinçe,2,تیلکینچه,1
ermegü,2,ایرمه‌گۆ,1
narusı,2,ناروسې,1
yarınka,2,یارېنقا,1
suhbeti,2,صحبتی,1
öçer,2,اؤچر,1
kodmak,2,قۏدماق,1
halvâ,2,حلوا,1
artıp,2,آرتېپ,1
kelmiş,2,کلمیش,1
ölgülüg,2,اؤلگۆلۆگ,1
umnur,2,اومنور,1
bulğanuktın,2,بولغانوقتېن,1
havâsı,2,هواسې,1
umın,2,اومېن,1
buzulğay,2,بوزولغای,1
yügürse,2,یۆگۆرسه,1
mañ,2,ماڭ,1
tawrat,2,تاورات,1
açığlı,2,آچېغلې,1
keçiş,2,کئچیش,1
bütgü,2,بۆتگۆ,1
kazğanıp,2,قازغانېپ,1
ağrukı,2,آغروقې,1
fazlıña,2,فضلیڭا,1
ricâ,2,رجا,1
saknıp,2,ساقنېپ,1
taplamadı,2,تاپلامادې,1
kéñeşgil,2,کیڭشگیل,1
taplamasa,2,تاپلاماسا,1
‘udrümi,2,عذرۆمی,1
tumlığığ,2,توملېغېغ,1
selâmın,2,سلامېن,1
yarlıkamış,2,یارلېقامېش,1
barım,2,بارېم,1
akım,2,آقېم,1
revâ,2,روا,1
ova,2,اۏوا,1
bayutğıl,2,بایوتغېل,1
neñsizin,2,نڭسیزین,1
kedgü,2,کدگۆ,1
yégüm,2,ییگۆم,1
kılsa-men,2,قېلسا من,1
igimke,2,ایگیمکه,1
muñumka,2,موڭومقا,1
kınama,2,قېناما,1
ini,2,اینی,1
köçütçi,2,کؤچۆتچی,1
itigin,2,ایتیگین,1
hâlığ,2,حالېغ,1
kötürdüm,2,کؤتۆردۆم,1
tüñüldüm,2,تۆڭۆلدۆم,1
töbün,2,تؤبۆن,1
bulur-men,2,بولور من,1
ötüñil,2,اؤتۆڭیل,1
ıdğay,2,اېدغای,1
ıdğa,2,اېدغا,1
türtti,2,تۆرتتی,1
butıklandı,2,بوتېقلاندې,1
kalkanı,2,قالقانې,1
oñdı,2,اۏڭدې,1
tiken,2,تیکن,1
yorıtmış,2,یۏرېتمېش,1
bérmedi,2,بیرمه‌دی,1
komısa,2,قۏمېسا,1
kadaşımka,2,قاداشېمقا,1
tirendi,2,تیرندی,1
tolı,2,تۏلې,1
barığ,2,بارېغ,1
bütürgil,2,بۆتۆرگیل,1
ıdur-men,2,اېدور من,1
örtügün,2,اؤرتۆگۆن,1
bütür,2,بۆتۆر,1
kullarıña,2,قوللارېڭا,1
kişimü,2,کیشیمۆ,1
erürmü,2,ایرۆرمۆ,1
uçtı,2,اوچتې,1
yırıştı,2,یېرېشتې,1
emgediñ,2,امگه‌دیڭ,1
bilgüke,2,بیلگۆکه,1
azkına,2,آزقېنا,1
kıluruñ,2,قېلوروڭ,1
toğaka,2,تۏغاقا,1
müflis,2,مفلس,1
çıkabilse,2,چېقابیلسه,1
tapmak,2,تاپماق,1
añ,2,آڭ,1
itigi,2,ایتیگی,1
uluñ,2,اولوڭ,1
kiçiglerke,2,کیچیگلرکه,1
örte,2,اؤرته,1
bakma,2,باقما,1
kaçğıl,2,قاچغېل,1
ögelik,2,اؤگه‌لیک,1
ayukluk,2,آیوقلوق,1
yawğu,2,یاوغو,1
öçeşme,2,اؤچشمه,1
küyürgey,2,کۆیۆرگَی,1
yazmasa,2,یازماسا,1
oñın,2,اۏڭېن,1
işimsinmegil,2,ایشیمسینمه‌گیل,1
baknu,2,باقنو,1
koşnısı,2,قۏشنېسې,1
yanın,2,یانېن,1
içigli,2,ایچیگلی,1
bulğak,2,بولغاق,1
üçünç,2,اۆچۆنچ,1
tartma,2,تارتما,1
miñe,2,میڭه,1
uluğuğ,2,اولوغوغ,1
uluğla,2,اولوغلا,1
kendke,2,کندکه,1
kelişgü,2,کلیشگۆ,1
tutmağu,2,توتماغو,1
kılınğıl,2,قېلېنغېل,1
kak,2,قاق,1
yuğak,2,یوغاق,1
dôst,2,دۏست,1
işlik,2,ایشلیک,1
adaşığ,2,آداشېغ,1
toğup,2,تۏغوپ,1
edgüde,2,ائدگۆده,1
yitürgil,2,ییتۆرگیل,1
yağılık,2,یاغېلېق,1
ilindi,2,ایلیندی,1
karşı-turur,2,قارشې تورور,1
tepsegey,2,تپسه‌گَی,1
edgüñ,2,ائدگۆڭ,1
sézik,2,سیزیک,1
içiñni,2,ایچیڭنی,1
âsân,2,آسان,1
kopurğay,2,قۏپورغای,1
yoñağ,2,یۏڭاغ,1
töküp,2,تؤکۆپ,1
suwluğ,2,سوولوغ,1
soñdama,2,سۏڭداما,1
alış,2,آلېش,1
bériş,2,بیریش,1
siz,2,سیز,1
saşı,2,ساشې,1
kılkını,2,قېلقېنې,1
‘âlimler,2,عالملر,1
tutğan,2,توتغان,1
tikip,2,تیکیپ,1
yola,2,یۏلا,1
eti,2,ائتی,0
yétse,2,ییتسه,1
sürüg,2,سۆرۆگ,1
edgüleş,2,ائدگۆلش,1
ulaş,2,اولاش,1
emçi,2,ایمچی,1
yeklig,2,یئکلیگ,1
emçiler,2,ایمچیلر,1
unamaz,2,اوناماز,1
mu‘azzim,2,معظم,1
udısa,2,اودېسا,1
yörügli,2,یؤرۆگلی,1
kutsuzı,2,قوتسوزې,1
térgüçi,2,تیرگۆچی,1
ilinme,2,ایلینمه,1
sakınçsız,2,ساقېنچسېز,1
bulunmış,2,بولونمېش,1
tegre,2,تیگره,1
tarığçı,2,تارېغچې,1
bérmişindin,2,بیرمیشیندین,1
keldürür,2,کلدۆرۆر,1
ağılar,2,آغېلار,1
tañsukı,2,تاڭسوقې,1
kayun,2,قایون,1
arkışığ,2,آرقېشېغ,1
yadım,2,یادېم,1
kotusı,2,قۏتوسې,1
törür,2,تؤرۆر,1
kelmegey,2,کلمه‌گَی,1
ke,2,که,1
alayın,2,آلایېن,1
atıña,2,آتېڭا,1
ınal,2,اېنال,1
kızığ,2,قېزېغ,1
kolmasa,2,قۏلماسا,1
katma,2,قاتما,1
etig,2,ائتیگ,1
tişilerde,2,تیشیلرده,1
kömdi,2,کؤمدی,1
küdezigli,2,کۆدزیگلی,1
küçiñe,2,کۆچیڭه,1
tarlıkı,2,تارلېقې,1
tutmağay,2,توتماغای,1
tapkıl,2,تاپقېل,1
boynın,2,بۏینېن,1
kerek-men,2,کیرک من,1
bulnadı,2,بولنادې,1
sun,2,سون,1
sewinsün,2,سئوینسۆن,1
hakîm,2,حکیم,1
kişi-men,2,کیشی من,1
taduka,2,تادوقا,1
küz,2,کۆز,1
tab‘ı,2,تابع,1
söke,2,سؤکه,1
tıdma,2,تېدما,1
okımaz,2,اۏقېماز,1
tapuğlar,2,تاپوغلار,1
sıñardın,2,سېڭاردېن,1
yégitlikte,2,ییگیتلیکته,1
karılıkta,2,قارېلېقتا,1
teñizde,2,تڭیزده,1
éltti,2,ایلتتی,1
kulda,2,قولدا,1
menmü,2,منمۆ,1
sukluk-turur,2,سوقلوق تورور,1
kiterdim,2,کیتردیم,1
yaratmış,2,یاراتمېش,1
törümişke,2,تؤرۆمیشکه,1
yügürgü,2,یۆگۆرگۆ,1
ilür,2,ایلۆر,1
kölike-turur,2,کؤلیکه تورور,1
yağım,2,یاغېم,1
tonum,2,تۏنوم,1
üñürde,2,اۆڭۆرده,1
sökti,2,سؤکتی,1
udlayu,2,اودلایو,1
sürme,2,سۆرمه,1
kını,2,قېنې,1
tatığka,2,تاتېغقا,1
muñsuzun,2,موڭسوزون,1
tiler><men,2,تیلر من,1
idimni,2,ایدیمنی,1
körüglisi,2,کؤرۆگلیسی,1
titip,2,تیتیپ,1
yatğuçılar,2,یاتغوچېلار,1
iwmeyin,2,ایومه‌یین,1
yular,2,یولار,1
köñey,2,کؤڭَی,1
açnu,2,آچنو,1
köçüñni,2,کؤچۆڭنی,1
attı,2,آتتې,1
kadğumı,2,قادغومې,1
yulum,2,یولوم,1
tégüçini,2,تیگۆچینی,1
kelgümizni,2,کلگۆمیزنی,1
halığ,2,حالېغ,1
kétti,2,کیتتی,1
tusu,2,توسو,1
yetürgü,2,یئتۆرگۆ,1
silerke,2,سیلرکه,1
teñledim,2,تڭله‌دیم,1
seniñde-turur,2,سنیڭده تورور,1
örtti,2,اؤرتتی,1
yunup,2,یونوپ,1
sawılmış,2,ساوېلمېش,1
ülker,2,اۆلکر,1
yummadı,2,یوممادې,1
özümiz,2,اؤزۆمیز,1
kelgeli,2,کلگه‌لی,1
küçese,2,کۆچئسه,1
yügürdüñ,2,یۆگۆردۆڭ,1
küdelim,2,کۆده‌لیم,1
hal,2,هال,1
tilegey,2,تیله‌گَی,1
yégin,2,ییگین,1
kelsün,2,کلسۆن,1
eñe,2,ایڭه,1
tuşsu,2,توشسو,1
bütünrek,2,بۆتۆنره‌ک,1
hâcet,2,حاجت,1
suçuldı,2,سوچولدې,1
tona,2,تۏنا,1
habeş,2,حبش,1
uzattıñ,2,اوزاتتېڭ,1
keçürme,2,کئچۆرمه,1
teñinde,2,تڭینده,1
san,2,سان,1
egildim,2,ایگیلدیم,1
kelmesün,2,کلمه‌سۆن,1
könitse,2,کؤنیتسه,1
arıtsa,2,آرېتسا,1
tuşayın,2,توشایېن,1
barayın-men,2,بارایېن من,1
eştür,2,ائشتۆر,1
‘aleyk,2,علیک,1
eligleşti,2,ایلیگلشتی,1
unıttı,2,اونېتتې,1
yawğusı,2,یاوغوسې,1
bérmedim,2,بیرمه‌دیم,1
sözinde,2,سؤزینده,1
yaña,2,یاڭا,1
alktaçı,2,آلقتاچې,1
kağun,2,قاغون,1
yinitti,2,یینیتتی,1
süzülsü,2,سۆزۆلسۆ,1
yarlıkağlı,2,یارلېقاغلې,1
kılıklığ,2,قېلېقلېغ,1
öti,2,اؤتی,1
itnıp,2,ایتنېپ,1
haşem,2,حشم,1
kand,2,قند,1
ölümi,2,اؤلۆمی,1
itigiñ,2,ایتیگیڭ,1
közni,2,کؤزنی,1
özuñ,2,اؤزوڭ,1
körün,2,کؤرۆن,1
uçmak-turur,2,اوچماق تورور,1
erejig,2,ارژیگ,1
kızartğıl,2,قېزارتغېل,1
süzgü,2,سۆزگۆ,1
süzülgey,2,سۆزۆلگَی,1
könit,2,کؤنیت,1
kının,2,قېنېن,1
tumlır,2,توملېر,1
muñluğun,2,موڭلوغون,1
anutğıl,2,آنوتغېل,1
işini,2,ایشینی,1
yolçı,2,یۏلچې,1
tuğuğlı,2,توغوغلې,1
udıtmasu,2,اودېتماسو,1
firişteˆ,2,فرشته,1
kulğakıñ,2,قولغاقېڭ,1
öktemi,2,اؤکته‌می,1
köñülçe,2,کؤڭۆلچه,1
beglik-turur,2,بگلیک تورور,1
tevbeˆ,2,توبه,1
yetîmig,2,یتیمیگ,1
unıt,2,اونېت,1
dalı,2,دالې,1
yağıla,2,یاغېلا,1
toy,2,تۏی,1
karındakılar,2,قارېنداقېلار,1
bizke,2,بیزکه,1
kararur,2,قارارور,1
tiyiñ,2,تیییڭ,1
teke,2,تکه,1
atasız,2,آتاسېز,1
térdiñ,2,تیردیڭ,1
köküñ,2,کؤکۆڭ,1
tozı,2,تۏزې,1
nasîhat,2,نصیحت,1
dünyâ-turur,2,دۆنیا تورور,1
yurtuñ,2,یورتوڭ,1
bilirde,2,بیلیرده,1
kuduğ,2,قودوغ,1
toz,2,تۏز,1
tıdtı,2,تېدتې,1
uzatu,2,اوزاتو,1
öpe,2,اؤپه,1
egnim,2,اگنیم,1
havâñnı,2,هواڭنې,1
sı,2,سې,1
tüzgil,2,تۆزگیل,1
yorıt,2,یۏرېت,1
arıt,2,آرېت,1
kansa,2,قانسا,1
bayutma,2,بایوتما,1
küçlerin,2,کۆچلرین,1
buzulğa,2,بوزولغا,1
bedütgil,2,بدۆتگیل,1
küzñü,2,کۆزڭۆ,1
körge,2,کؤرگه,1
tevbeˆka,2,توبه‌قا,1
tayak,2,تایاق,1
bilü,2,بیلۆ,1
bilmeyü,2,بیلمه‌یۆ,1
saçım,2,ساچېم,1
suñkur,2,سوڭقور,1
şeşüt,2,شئشۆت,1
kelef,2,کلف,1
kéñeşse,2,کیڭشسه,1
kéñeşin,2,کیڭشین,1
kaşa,2,قاشا,1
yıldrık,2,یېلدرېق,1
sumlıdı,2,سوملېدې,1
keçmez,2,کئچمز,1
uzattım,2,اوزاتتېم,1
mene,2,منه,1
turmak,2,تورماق,1
niyet,2,نیّت,1
ıdmağay,2,اېدماغای,1
kılğuçıka,2,قېلغوچېقا,1
ötledi,2,اؤتله‌دی,1
körmedi,2,کؤرمه‌دی,1
bulmaduk,2,بولمادوق,1
unıttıñmu,2,اونېتتېڭمو,1
yanutluğ,2,یانوتلوغ,1
artur,2,آرتور,1
arkun,2,آرقون,1
osalrak,2,اۏسالراق,1
ilim,2,ایلیم,1
yoñağçı,2,یۏڭاغچې,1
külse,2,کۆلسه,1
irte,2,ایرته,1
yalğanığ,2,یالغانېغ,1
taşırtı,2,تاشېرتې,1
oğlanka,2,اۏغلانقا,1
aymışın,2,آیمېشېن,1
eñip,2,ایڭیپ,1
kefâret,2,کفارت,1
yöre,2,یؤره,1
tüşüñni,2,تۆشۆڭنی,1
yörmegü,2,یؤرمه‌گۆ,1
tüşegli,2,تۆشگلی,1
sewdâ,2,سئودا,1
yığlasa,2,یېغلاسا,1
ağdım,2,آغدېم,1
bağna,2,باغنا,1
atçı,2,آتچې,1
tüketü,2,تۆکه‌تۆ,1
teñip,2,تڭیپ,1
ağarı,2,آغارې,1
şatu,2,شاتو,1
éşim,2,ایشیم,1
ağıp,2,آغېپ,1
suwnı,2,سوونې,1
atçı-turur,2,آتچې تورور,1
yarımı,2,یارېمې,1
beglerig,2,بگلریگ,1
saçtı,2,ساچتې,1
sürmek,2,سۆرمک,1
esürtse,2,اسۆرتسه,1
biyâbanda,2,بیاباندا,1
ulıma,2,اولېما,1
visâl,2,وصال,1
firâkın,2,فراقېن,1
firâkı,2,فراقې,1
hâliñ,2,حالیڭ,1
sığınğıl,2,سېغېنغېل,1
yekig,2,یئکیگ,1
ölmişin,2,اؤلمیشین,1
taz‘iyet,2,تعزیة,1
gûrin,2,گورین,1
yazılmaz,2,یازېلماز,1
cefâka,2,جفاقا,1
tartar,2,تارتار,1
ni‘metiñ,2,نعمتیڭ,1
bend,2,بند,1
fisk,2,فسق,1
haram,2,حرام,1
üstedi,2,اۆسته‌دی,1
karma,2,قارما,1
yarmak,2,یارماق,1
ilettim,2,ایلتتیم,1
basıttım,2,باسېتتېم,1
ektim,2,ایکتیم,1
sewittim,2,سئویتتیم,1
turayı,2,تورایې,1
köreyi,2,کؤره‌یی,1
yüdeyi,2,یۆده‌یی,1
urayı,2,اورایې,1
yırayı,2,یېرایې,1
béreyi,2,بیره‌یی,1
büteyi,2,بۆته‌یی,1
bura,2,بورا,1
hâci̇b,1,حاجب,1
hazırlayan,1,حاضرلایان,1
mustafa,1,مصطفی,1
s,1,س,1
kaçali̇n,1,قاچالین,1
©,1,©,1
t.,1,ت.,1
c.,1,ج.,1
turi̇zm,1,توریزم,1
bakanliği,1,باقانلیغی,1
kütüphaneler,1,کتبخانه‌لر,1
yayimlar,1,یایېملار,1
genel,1,گنل,1
müdürlüğü,1,مدیرلیگی,1
eserleri̇,1,اثرلری,1
isbn,1,ISBN,1
www.kulturturizm.gov.tr,1,www.kulturturizm.gov.tr,1
e-posta,1,ای-پۏستا,1
yayimlar@kulturturizm.gov.tr,1,yayimlar@kulturturizm.gov.tr,1
kitap,1,کتاب,1
internet,1,اینترنت,1
ortamında,1,اۏرتامېندا,1
kez,1,کز,1
yayımlanmaktadır.,1,یایېملانماقتا دېر.,1
meti̇n,1,متن,1
hakkinda,1,حقّینده,1
öncesi,1,اؤنجه‌سی,1
arap,1,عرب,1
şiiri,1,شعری,1
doruk,1,دۏروق,1
noktasındaydı.,1,نقطه‌سینده ایدی.,1
indirildiği,1,ایندیریلدیگی,1
zaman,1,زمان,1
peygamber,1,پیغمبر,1
vahiy,1,وحی,1
dışında,1,دېشېندا,1
yazılmamasını,1,یازېلماماسېنې,1
buyurdu.,1,بویوردو.,1
geçirmeme,1,گئچیرمه‌مه,1
hassasiyeti,1,حساسیتی,1
çizgileriyle,1,چیزگیلرییله,1
tabi‘ûn,1,تابعون,1
atbâ‘u’t-tâbi‘ûn,1,اتباع التابعون,1
görenleri,1,گؤرنلری,1
dönemleri,1,دؤنملری,1
sürdü.,1,سۆردۆ.,1
hadis,1,حدیث,1
doğdu.,1,دۏغدو.,1
çeşit,1,چئشیت,1
verildi.,1,وئریلدی.,1
i̇ran,1,ایران,1
i̇ran’da,1,ایراندا,1
eserlerin,1,اثرلرین,1
verilmesi,1,وئریلمه‌سی,1
tûslu,1,طوسلو,1
firdevsî,1,فردوسی,1
yılları,1,یېللارې,1
arasında,1,آراسېندا,1
şâh-nâme’yi,1,شاهنامه‌نی,1
kaleme,1,قلمه,1
almasıyla,1,آلماسېیلا,1
burkancı,1,بورقانجې,1
geleneği,1,گله‌نگی,1
yıllardan,1,یېللاردان,1
sekteye,1,سکته‌یه,1
uğradı.,1,اوغرادې.,1
kâşgar’da,1,کاشغرده,1
yeni,1,یئنی,1
yönden,1,یؤندن,1
olma,1,اۏلما,1
vasfını,1,وصفینی,1
üzerinde,1,اۆزرینده,1
bulunduran,1,بولوندوران,1
bilig’in,1,بیلیگین,1
biraz,1,بیراز,1
dîvânu,1,دیوان,1
lugâti’t-turk’ün),1,لغات الترک,1
taşıdığı,1,تاشېدېغې,1
ehemmiyet,1,اهمیّت,1
budur.,1,بودور.,1
ehil,1,اهل,1
tarafından,1,طرفیندن,1
yayımlandı.,1,یایېملاندې.,1
gördü.,1,گؤردۆ.,1
artık,1,آرتېق,1
eserin,1,اثرین,1
yeniden,1,یئنیدن,1
ele,1,اله,1
alınması,1,آلېنماسې,1
gerekmektedir.,1,گرکمکده دیر.,1
i̇lkin,1,ایلکین,1
yayımlayıcının,1,یایېملایېجېنېن,1
düşündüğü,1,دۆشۆندۆگۆ,1
gibi,1,گیبی,1
notlar,1,نۏتلار,1
açıklamaları,1,آچېقلامالارې,1
fergana,1,فرغانه,1
kâhire,1,قاهره,1
viyana,1,وین,1
yazmaları,1,یازمالارې,1
yayımlanmalıdır.,1,یایېملانمالې دېر.,1
yayınla,1,یایېنلا,1
verilmektedir.,1,وئریلمکده دیر.,1
yapılmıştır.,1,یاپېلمېش دېر.,1
adımdır.,1,آدېمدېر.,1
küçük,1,کۆچۆک,1
adımla,1,آدېملا,1
başlar.,1,باشلار.,1
sipâs,1,سپاس,1
celleka,1,جلّه‌که,1
kudretlığ,1,قدرتلېغ,1
pâdişâh-turur,1,پادشاه تورور,1
yérli,1,ییرلی,1
kökli,1,کؤکلی,1
tınlığlarka,1,تېنلېغلارقا,1
bérgen,1,بیرگن,1
yef‘alu’llâhu,1,یفعل الله,1
ye-,1,ی,1
şâ’u,1,شاء,1
yahkümü,1,یحکم,1
yurîdu,1,یرید,1
durûd,1,درود,1
halk-,1,خلق-,1
larda,1,لاردا,1
yalawaçlarda,1,یالاواچلاردا,1
üdrüntüsi,1,اۆدرۆنتۆسی,1
sawçısı,1,ساوچېسې,1
éşleri,1,ایشلری,1
sa-,1,سا-,1
hâbeler,1,خبرلر,1
üze,1,اۆزه,1
rizvânu’llâhi,1,رضوان الله,1
‘aleyhim,1,علیهم,1
ecma‘în,1,اجمعین,1
yaw-,1,یاو-,1
lak,1,لاق,1
‘azîz-turur,1,عزیز تورور,1
hükemâlarınıñ,1,حکمالارېنېن,1
emsâlleri,1,امثاللارې,1
bezen-,1,بئزئن-,0
‘ulemâlarınıñ,1,علمالارېنېڭ,1
eş‘ârları,1,اشعارلارې,1
ârâste,1,آراسته,1
kılınmış-tu-,1,قېلېنمېش-تو-,1
rur,1,رور,1
beyitlerni,1,بیتلرنی,1
ma‘lûm,1,معلوم,1
kitâbı-,1,کتابې-,1
dın,1,دېن,1
‘azîzrak-turur,1,عزیزراق تورور,1
ittifâk,1,اتّفاق,1
vilâyetinde,1,ولایتینده,1
türkistân,1,تۆرکیستان,1
éllerinde,1,ایللرینده,1
luğatinçe,1,لغاتینچه,1
ki-,1,ک-,1
tâbdın,1,تابدېن,1
yakşırak,1,یاقشېراق,1
padişâhka,1,پادیشاهقا,1
iklîmka,1,اقلیمقا,1
érse,1,ایرسه,1
ğâyet,1,غایت,1
uzlu-,1,اوزلو-,1
kındın,1,قېندېن,1
nihâyettin,1,نهایتتین,1
keçe,1,کئچه,1
körklüglükindin,1,کؤرکلۆگلۆکیندین,1
éllerniñ,1,ایللرنیڭ,1
lakab,1,لقب,1
urdılar,1,اوردېلار,1
çinlığlar,1,چینلېغلار,1
atadılar,1,آتادېلار,1
melîkiniñ,1,مَلِکینیڭ,1
hükemâları,1,حکمالارې,1
âyînü’l,1,آیین ال,1
memlekeˆ,1,مملکه,1
tédiler,1,تیدیلر،,1
meşrıklığlar,1,مشرقلېغلار,1
zînetü’l-,1,زینت ال,1
ümerâ,1,امراء,1
aydılar,1,آیدېلار،,1
şâhnâmeˆ-i,1,شاهنامه,1
türkî,1,تۆرکی,1
atamışlar,1,آتامېشلار،,1
ba‘-,1,بع,1
zıları,1,ضیلری,1
pendnâmeˆ-i,1,پندنامه,1
mülûk,1,ملوک,1
témişler,1,تیمیشلر،,1
tûrânlığlar,1,تورانلېغلار,1
bi<,1,بی>,1
lig,1,لیگ,1
aymışlar,1,آیمېشلار,1
balasağun,1,بالاساغون,1
mev>,1,مو<,1
lûdluğ,1,لودلوغ,1
perhîz,1,پرهیز,1
er-turur,1,ار تورور,1
emmâ,1,امّا,1
élin-,1,ایلین-,1
melîki,1,مَلِکی,1
kigürmiş-turur,1,کیگۆرمیش تورور,1
uluğlap,1,اولوغلاپ,1
hâciblıkını,1,حاجبلېقېنې,1
yarlıkamış-turur,1,یارلېقامېش تورور,1
yayılmış-turur,1,یایېلمېش تورور,1
binâ,1,بنا,1
kılınmış-turur,1,قېلېنمېش تورور,1
‘akıl,1,عاقل,1
bérmiş-turur,1,بیرمیش تورور,1
toğ>,1,تۏغ<,1
dı,1,دې,1
pâdişâh,1,پادشاه,1
tutmış-turur.,1,توتمېش تورور.,1
ay-,1,آی-,1
kodmış-turur,1,قۏدمېش تورور,1
‘akılka,1,عاقلقا,1
ögdül>,1,اؤگدۆل<,1
tutmış-turur,1,توتمېش تورور,1
karındaşı,1,قارېنداشې,1
aymış-turur,1,آیمېش تورور,1
ta-,1,تا-,1
kı,1,کی,1
anlar,1,آنلار,1
söz-,1,سؤز-,1
lemiş-turur,1,له‌میش تورور,1
okığlınıñ,1,اۏقېغلېنېڭ,1
açılıp,1,آچېلېپ,1
musannifni,1,مسنّفی,1
yâd,1,یاد,1
b,1,ب,0
angar-ok,1,آنقار-ۏق,0
dû’l-celâl,1,ذوالجلال,1
kâdir,1,قادر,1
rûzînı,1,روزینې,1
anutmış,1,آنوتمېش,1
sakışsız,1,ساقېشسېز,1
tınlığığ,1,تېنلېغېغ,1
içürür,1,ایچۆرۆر,1
sanlığığ,1,سانلېغېغ,1
dürûd,1,درود,1
resûlka,1,رسولقا,1
muhammed,1,محمد,1
barçalarka,1,بارچالارقا,1
biligler,1,بیلیگلر,1
barçasıña,1,بارچاسېڭا,1
yinçüleyü,1,یینچۆله‌یۆ,1
meliki,1,مَلِکی,1
özlemiş,1,اؤزله‌میش,1
birindin,1,بیریندین,1
mîrâslar,1,میراثلار,1
ukmaz,1,اوقماز,1
kitâbdın,1,کتابدېن,1
eşitgen,1,ائشیتگن,1
okığan,1,اۏقېغان,1
bitigen,1,بیتیگن,1
sözleri,1,سؤزلری,1
yumğısı,1,یومغېسې,1
ukupan,1,اوقوپان,1
küzetür,1,کۆزه‌تۆر,1
vakıtı,1,وقتی,1
ayğay,1,آیغای,1
uza,1,اوزا,1
itermü,1,ایترمۆ,1
öger-men,1,اؤگر من,1
atamışlara,1,آتامېشلارا,1
bügüsi,1,بۆگۆسی,1
çinîler,1,چینیلر,1
ayar,1,آیار,1
enîsü’l-memâlik,1,انیس الممالک,1
zînetü’l-ümerâ,1,زینت الامراء,1
téyürler,1,تییۆرلر,1
şâh,1,شاه,1
nâmeˆ,1,نامه,1
tûrânlığ,1,تورانلېغ,1
tildeki,1,تیلده‌کی,1
kigürmiş,1,کیگۆرمیش,1
éldeki,1,ایلده‌کی,1
boldukı,1,بۏلدوقې,1
kördüki,1,کؤردۆکی,1
koruğı,1,قۏروغې,1
esbâb,1,اسباب,1
tertîb,1,ترتیب,1
emâret,1,امارت,1
mülkniñ,1,مۆلکنیڭ,1
harâbı,1,خرابې,1
bekâsı,1,بقاسې,1
nedin,1,نه‌دین,1
mülket,1,مُلکَت,1
kalurı,1,قالورې,1
barurı,1,بارورې,1
tertîbin,1,ترتیبین,1
kitâbda,1,کتابدا,1
adırmış,1,آدېرمېش,1
erenke,1,ارنکه,1
buyurdı,1,بویوردې,1
yulaka,1,یولاقا,1
bodunnıñ,1,بۏدوننېڭ,1
küzetse,1,کۆزه‌تسه,1
kılğunı,1,قېلغونې,1
uruşlar,1,اوروشلار,1
tüzgüni,1,تۆزگۆنی,1
sığuka,1,سېغوقا,1
melikke,1,مَلِککه,1
könülgü,1,کؤنۆلگۆ,1
melikni,1,مَلِکنی,1
körey,1,کؤره‌ی,1
éver,1,ایور,1
kimini,1,کیمینی,1
yağutup,1,یاغوتوپ,1
kowğuka,1,قۏوغوقا,1
bekitip,1,بکیتیپ,1
salğunı,1,سالغونې,1
kesgüke,1,کسگۆکه,1
firâset,1,فراصت,1
tolulap,1,تۏلولاپ,1
rai‘yyetka,1,رعیّتکه,1
harfkına,1,حرفقېنا,1
kodundum,1,قۏدوندوم,1
térgen,1,تیرگن,1
hünerlığ,1,هنرلېغ,1
fazâyil,1,فضایل,1
ukuşlar,1,اوقوشلار,1
ârâsteˆ,1,آراسته,1
zühdlığ,1,زهدلېغ,1
arığlığ,1,آرېغلېغ,1
munuñki,1,مونوڭکی,1
turuğlağ,1,توروغلاغ,1
kuz,1,قوز,1
nesebdin,1,نسبدین,1
barğanı,1,بارغانې,1
koşupan,1,قۏشوپان,1
kılğanı,1,قېلغانې,1
barusın,1,باروسېن,1
nizâm,1,نظام,1
koşulmış,1,قۏشولمېش,1
öñinde,1,اؤڭینده,1
hanlar,1,خانلار,1
ağırlamış,1,آغېرلامېش,1
hil‘ati,1,حیلتی,1
kalemniñ,1,قلمنیڭ,1
yağutmış,1,یاغوتمېش,1
kitâbnıñ,1,کتابنېڭ,1
beyânın,1,بئیانېن,1
nîk,1,نیک,1
şerîfler,1,شریفلر,1
‘adl,1,عدل,1
ikbâl,1,اقبال,1
hired,1,خرد,1
ululuk,1,اولولوق,1
‘âfyet,1,عافیت,1
meliklik,1,مَلِکلیک,1
kurıña,1,قورېڭا,1
hiredka,1,خردقا,1
yağukı,1,یاغوقې,1
hikmeti,1,حکمتی,1
tüketmiş,1,تۆکتمیش,1
‘arabça,1,عربجه,1
tejikçe,1,تژیکچه,1
tilimizçe,1,تیلیمیزچه,1
koşuğlar,1,قۏشوغلار,1
tüzettim,1,تۆزتتیم,1
okırda,1,اۏقېردا,1
mü’minlarka,1,مؤمنلارقا,1
c,1,ج,1
fihristü’l-ebvâb,1,فهرست الابواب,1
celleniñ,1,جلّه‌نیڭ,1
yalawaçımız,1,یالاواچېمېز,1
yalawaçımıznıñ,1,یالاواچېمېزنېڭ,1
éşleriniñ,1,ایشلرینیڭ,1
tutuzur,1,توتوزور,1
belgürtmişin,1,بلگۆرتمیشین,1
su’âl,1,سو’ال,1
sözlemekmü,1,سؤزله‌مک مۆ,1
turmakmu,1,تورماقمو,1
kıwılıkın,1,قېوېلېقېن,1
bitimişin,1,بیتیمیشین,1
vezîrler,1,وزیرلر,1
hôn-sâlâr,1,هۏن سالار,0
idişçiler,1,ایدیشچیلر,1
şerâbdar,1,شرابدار,1
tapuğçılar,1,تاپوغچېلار,1
su’âlleriñe,1,سؤاللارېڭا,1
cevâbların,1,جوابلارېن,1
dünyânıñ,1,دۆنیانېڭ,1
fânî,1,فانی,1
bâkî,1,باقی,1
kazğanğusın,1,قازغانغوسېن,1
‘ilim,1,علم,1
âdamları,1,آداملارې,1
katılmakın,1,قاتېلماقېن,1
mu‘abbirler,1,معبّرلر,1
müneccimler,1,منجّملر,1
kerekmezin,1,کیرکمزین,1
igidmekni,1,ایگیدمکنی,1
barmağusın,1,بارماغوسېن,1
yégüsin,1,ییگۆسین,1
yémegüsin,1,ییمه‌گۆسین,1
yumğıka,1,یومغېقا,1
ögmişin,1,اؤگمیشین,1
ğâfıllıktın,1,غافللېقتېن,1
odanmak,1,اۏدانماق,1
étgü,1,ایتگۆ,1
tevbeka,1,توبه‌قا,1
iglemişin,1,ایگله‌میشین,1
tutmışın,1,توتمېشېن,1
kılmışka,1,قېلمېشقا,1
ökünmekin,1,اؤکۆنمکین,1
çalbaşı,1,چالباشې,1
ç,1,چ,1
celle,1,جلّه‌,1
égidgen,1,ایگیدگن,1
törütülmişi,1,تؤرۆتۆلمیشی,1
aya,1,آیا,1
birikmez,1,بیریکمز,1
aşnuda,1,آشنودا,1
erkliglikiñ,1,ارکلیگلیکیڭ,1
karılmaz,1,قارېلماز,1
hakku’l-yakîn,1,حقّ الیقین,1
közümde,1,کؤزۆمده,1
ögde,1,اؤگده,1
ersedin,1,ایرسه‌دین,1
törüttiñ,1,تؤرۆتتیڭ,1
okşağı,1,اۏقشاغې,1
meñzeg,1,مڭزه‌گ,1
astın,1,آستېن,1
otru,1,اۏترو,1
sırka,1,سېرقا,1
sûret,1,صورت,1
bezediñ,1,بزه‌دیڭ,1
yulduzun,1,یولدوزون,1
bütmiş,1,بۆتمیش,1
kançaka,1,قانچاقا,1
yérimde,1,ییریمده,1
kopurğıl,1,قۏپورغېل,1
erdüküñ,1,ایردۆکۆڭ,1
ögümez,1,اؤگۆمز,1
senmet,1,سئنمئت,0
‘aleyhi’s-selâm,1,(علیه‌السلام),1
okıçı,1,اۏقېچې,1
kirdiñ,1,کیردیڭ,1
yatmadı,1,یاتمادې,1
rabda,1,ربدا,1
kolmadı,1,قۏلمادې,1
kutulmak,1,قوتولماق,1
râhat,1,راحت,1
rahmeti,1,رحمتی,1
başçıka,1,باشچېقا,1
kavlıña,1,قاولېڭا,1
kopur,1,قۏپور,1
kopğumı,1,قۏپغومې,1
kıyâmette,1,قیامتته,1
sahâbeniñ,1,صحابه‌نیڭ,1
kadın,1,قادېن,1
küdegü,1,کۆده‌گۆ,1
‘atîk,1,عتیق,1
fârûk,1,فاروق,1
yüzindin,1,یۆزیندین,1
‘usmân,1,عثمان,1
fidâ,1,فدا,1
‘alî,1,علی,1
tedük,1,تیدۆک,1
munâfık,1,منافق,1
iv,1,ایو,1
ese,1,ایسه,1
étgüke,1,ایتگۆکه,1
bezenmek,1,بزه‌نمک,1
körkin,1,کؤرکین,1
kışığ,1,قېشېغ,1
esin,1,اسین,1
kurdı,1,قوردې,1
kudrukındın,1,قودروقېندېن,1
burnıña,1,بورنېڭا,1
yığaçlar,1,یېغاچلار,1
yipün,1,ییپۆن,1
edi,1,ایدی,1
yadıp,1,یادېپ,1
kolı,1,قۏلې,1
sabâ,1,صبا,1
karanfil,1,قارانفیل,1
kaz,1,قاز,1
kalıkığ,1,قالېقېغ,1
kakılayu,1,قاقېلایو,1
kaynar,1,قاینار,1
konar,1,قۏنار,1
çapar,1,چاپار,1
kökiş,1,کؤکیش,1
yañkular,1,یاڭقولار,1
tizilmiş,1,تیزیلمیش,1
keklik,1,ککلیک,1
çumğuk,1,چومغوق,1
tumşukın,1,تومشوقېن,1
sûr-ı,1,صور,0
elik,1,ائلیک,1
külmiz,1,کۆلمیز,1
oynar,1,اۏینار,1
ağnar,1,آغنار,1
sewinip,1,سئوینیپ,1
ediñe,1,ایدیڭه,0
életü,1,ایله‌تۆ,1
körmediñmü,1,کؤرمه‌دیڭمۆ,1
eşitmediñ,1,ائشیتمه‌دیڭ,1
yılda,1,یېلدا,1
tulas,1,تولاس,1
suçlup,1,سوچلوپ,1
kedtim,1,کئدتیم,1
bezendim,1,بزه‌ندیم,1
kökredi,1,کؤکره‌دی,1
nevbet,1,نوبت,1
yaşnadı,1,یاشنادې,1
tîğı,1,تیغې,1
‘izzi,1,عزّ,1
nâsir,1,ناصر,1
mu‘în,1,معین,1
milletka,1,ملّتقا,1
tâc,1,تاج,1
şerî‘atka,1,شریعت‌قا,1
cemâli,1,جمال,1
mülketka,1,مُلکَتقا,1
nûr,1,نور,1
baht,1,بخت,1
ornap,1,اۏرناپ,1
tañuklar,1,تاڭوقلار,1
esîrdin,1,اسیردین,1
kuşları,1,قوشلارې,1
rây-ı,1,رأیې,1
hindî,1,هندی,1
kaysarı,1,قایسارې,1
türtüşüp,1,تۆرتۆشۆپ,1
awınur,1,آوېنور,1
tütsüg,1,تۆتسۆگ,1
büvkirer,1,بۆوکیرر,1
batardın,1,باتاردېن,1
tapuğda-turur,1,تاپوغدا تورور,1
körümegli,1,کؤرۆمگلی,1
közlerde,1,کؤزلرده,1
cefâsız,1,جفاسېز,1
yassızın,1,یاسسېزېن,1
isin,1,ایسین,1
siziñsiz,1,سیزیڭسیز,1
bitindi,1,بیتیندی,1
üste,1,اۆسته,1
yağa,1,یاغا,1
yığaçtın,1,یېغاچتېن,1
salınsu,1,سالېنسو,1
ewrilü,1,ائوریلۆ,1
kavrılu,1,قاورېلو,1
otta,1,اۏتتا,1
önmeginçe,1,اؤنمه‌گینچه,1
tirilsüni,1,تیریلسۆنی,1
telinsüni,1,تلینسۆنی,1
karakı,1,قاراقې,1
lukmân,1,لقمان,1
v,1,و,1
‘âlemığ,1,عالَمېغ,1
tezginç,1,تئزگینچ,1
yulduzı,1,یولدوزې,1
kündüzi,1,کۆندۆزی,1
kökteki,1,کؤکته‌کی,1
bezek,1,بزه‌ک,1
yarutmış,1,یاروتمېش,1
halâyıkka,1,خلایققا,1
yitse,1,ییتسه,1
örürek,1,اؤرۆره‌ک,1
yarukrak,1,یاروقراق,1
sekentir,1,سکه‌نتیر,1
kürüd,1,کۆرۆد,1
köksün,1,کؤکسۆن,1
yakışsa,1,یاقېشسا,1
sewit,1,سئویت,1
yağuşsa,1,یاغوشسا,1
yalçık,1,یالچېق,1
tolır,1,تۏلېر,1
ükek,1,اۆکک,1
in,1,این,1
kuçık,1,قوچېق,1
sançu,1,سانچو,1
buğday,1,بوغدای,1
oğlak,1,اۏغلاق,1
könek,1,کؤنک,1
yaykı,1,یایقې,1
küzki,1,کۆزکی,1
kışkı,1,قېشقې,1
karışmaz,1,قارېشماز,1
vi,1,وی,1
ağırlıki,1,آغېرلېقی,1
ukuşnı,1,اوقوشنې,1
igig,1,ایگیگ,1
igiñni,1,ایگیڭنی,1
kuda,1,قودا,1
vii,1,ویی,1
tılmaçı,1,تېلماچې,1
tilni,1,تیلنی,1
arslanturur,1,آرسلان تورور,1
éşikte,1,ایشیکته,1
emgemiş,1,امگه‌میش,1
keseyin,1,کسه‌یین,1
tişiñ,1,تیشیڭ,1
sınmasun,1,سېنماسون,1
başını,1,باشېنې,1
sözlemişte,1,سؤزله‌میشته,1
tügünin,1,تۆگۆنین,1
kölik,1,کؤلیک,1
yañşadı,1,یاڭشادې,1
uzatıldı,1,اوزاتېلدې,1
ölmegü,1,اؤلمه‌گۆ,1
ögdüm,1,اؤگدۆم,1
söktüküm,1,سؤکتۆکۆم,1
viii,1,وییی,1
keldeçike,1,کلده‌چیکه,1
kirtüç,1,کیرتۆچ,1
etiñni,1,اتیڭنی,1
tök,1,تؤک,1
adruk,1,آدروق,1
tilini,1,تیلینی,1
sözlemişke,1,سؤزله‌میشکه,1
‘üdri,1,‘ۆدری,0
burundukluğ,1,بوروندوقلوغ,1
téve,1,تیوه,1
burnı,1,بورنې,1
edgülükler,1,ائدگۆلۆکلر,1
köktin,1,کؤکتین,1
tüpinde,1,تۆپینده,1
teñizdin,1,تڭیزدین,1
say,1,سای,1
ukuşlı,1,اوقوشلې,1
énmişinde,1,اینمیشینده,1
eslür,1,اسلۆر,1
süzlür,1,سۆزلۆر,1
itümese,1,ایتۆمه‌سه,1
ix,1,ایخ,1
asığlıkin,1,آسېغلېقېن,1
ölgüsi,1,اؤلگۆسی,1
tegdi,1,تگدی,1
ögdilig,1,اؤگدیلیگ,1
söküşlüg,1,سؤکۆشلۆگ,1
zahhâk,1,ضحاک,1
ferîdûn,1,فریدون,1
söktiler,1,سؤکتیلر,1
isizmü,1,ایسیزمۆ,1
edgümü,1,ائدگۆمۆ,1
ögdimü,1,اؤگدیمۆ,1
üdürgil,1,اۆدۆرگیل,1
kör,1,کؤر,1
ozu,1,اۏزو,1
küyürgen,1,کۆیۆرگن,1
öyülgen,1,اؤیۆلگن,1
ütülgen],1,اۆتۆلگن],1
işlemiş,1,ایشله‌میش,1
bayumış,1,بایومېش,1
baylıkın,1,بایلېقېن,1
ölürin,1,اؤلۆرین,1
sandı,1,ساندې,1
bilgeke,1,بیلگه‌که,1
biligke-turur,1,بیلیگکه تورور,1
kalu,1,قالو,1
kumaru-turur,1,قومارو تورور,1
ölügdin,1,اؤلۆگدین,1
tétig,1,تیتیگ,1
éller,1,ایللر,1
talap,1,تالاپ,1
ukğay,1,اوقغای,1
ajunçıka,1,آژونچېقا,1
bıçsa,1,بېچسا,1
boynını,1,بۏینېنې,1
bodnını,1,بۏدنېنې,1
x,1,خ,1
biligig,1,بیلیگیگ,1
nûşîn,1,نوشین,1
tamuğluk,1,تاموغلوق,1
oğlanığ,1,اۏغلانېغ,1
yetmeginçe,1,یئتمه‌گینچه,1
kılâm,1,کلام,1
birilmez,1,بیریلمز,1
şişi,1,شیشی,1
ukuşsuz-turur,1,اوقوشسوز تورور,1
ülügsüz-turur,1,اۆلۆگسۆز تورور,1
ukuşka-turur,1,اوقوشقا تورور,1
awuçça,1,آووچچا,1
bedütmez,1,بدۆتمز,1
kedük,1,کدۆک,1
azka,1,آزقا,1
bérim,1,بیریم,1
alım,1,آلېم,1
kîmyâ,1,کیمیا,1
irklü-turur,1,ایرکلۆ تورور,1
üglü-turur,1,اۆگلۆ تورور,1
yıparlı,1,یېپارلې,1
ülgüler,1,اۆلگۆلر,1
alğusuz,1,آلغوسوز,1
küdezlig,1,کۆدئزلیگ,1
küremez,1,کۆرئمز,1
kerekçe,1,کیرکچه,1
tuşağlığ,1,توشاغلېغ,1
yıramaz,1,یېراماز,1
andlığ,1,آندلېغ,1
ögke,1,اؤگکه,1
işi,1,ایشی,1
tutşı,1,توتشې,1
titrü,1,تیترۆ,1
kirtü,1,کیرتۆ,1
adırsa,1,آدېرسا,1
buşaklık,1,بوشاقلېق,1
alıkar,1,آلېقار,1
yalğanı,1,یالغانې,1
kıyğanı,1,قېیغانې,1
işçe,1,ایشچه,1
kılnçlığka,1,قېلنچلېغقا,1
sunmış,1,سونمېش,1
edikmez,1,ائدیکمز,1
ökünçsüz,1,اؤکۆنچسۆز,1
xi,1,خی,1
ey,1,ای,1
‘âkibet,1,عاقبت,1
yörmiş,1,یؤرمیش,1
küser-men,1,کۆسر من,1
busuğ,1,بوسوغ,1
yığmışın,1,یېغمېشېن,1
türdüñ,1,تۆردۆڭ,1
yığdı,1,یېغدې,1
çezgüçi,1,چیزگۆچی,1
çezgüle,1,چیزگۆله,1
kişensiz,1,کیشنسیز,1
külündi,1,کۆلۆندی,1
mañumaz,1,ماڭوماز,1
öçti,1,اؤچتی,1
kuruğsak,1,قوروغساق,1
künüñke,1,کۆنۆڭکه,1
‘udrüñ,1,عذرۆڭ,1
du‘âm,1,دعام,1
yaratığlını,1,یاراتېغلېنې,1
yıratığlını,1,یېراتېغلېنې,1
karañkuda,1,قاراڭقودا,1
tünerikte,1,تۆنریکته,1
toğurdı,1,تۏغوردې,1
azıp,1,آزېپ,1
adırdı,1,آدېردې,1
azuklar,1,آزوقلار,1
mén,1,مین,1
‘âcizlıkım,1,عاجزلېقېم,1
takım,1,تاقېم,1
şükrüñ,1,شۆکرۆڭ,1
sira,1,سیره,1
suçulma,1,سوچولما,1
tenimdin,1,تنیمدین,1
ıdğıl,1,اېدغېل,1
mü’minig,1,مؤمنیگ,1
bekâdın,1,بقادېن,1
xii,1,خیی,1
bildürür,1,بیلدۆرۆر,1
ukturur,1,اوقتورور,1
sewiglini,1,سئویگلینی,1
kaçığlıka,1,قاچېغلېقا,1
awağlar,1,آواغلار,1
yırasa,1,یېراسا,1
yala,1,یالا,1
okıttı,1,اۏقېتتې,1
süzgen,1,سۆزگن,1
işlerim,1,ایشلریم,1
taşlarım,1,تاشلارېم,1
yarıçılar,1,یارېچېلار,1
élçiler,1,ایلچیلر,1
emgemez,1,امگه‌مز,1
boğdı,1,بۏغدې,1
sürüp,1,سۆرۆپ,1
meñzeyü,1,مڭزه‌یۆ,1
saklıknı,1,ساقلېقنې,1
tilen,1,تیلن,1
imîni,1,ایمنی,1
osallar,1,اۏساللار,1
utmış,1,اوتمېش,1
suwladı,1,سوولادې,1
yağıları,1,یاغېلارې,1
egdiler,1,اگدیلر,1
köşik,1,کؤشیک,1
xiii,1,خییی,1
çawığ,1,چاوېغ,1
kamar,1,قامار,1
eligke,1,ائلیگکه,1
tusulsun,1,توسولسون,1
açınsun,1,آچېنسون,1
kitsü,1,کیتسۆ,1
emgeklerim,1,امگکلریم,1
idilerin,1,ایدیلرین,1
satsa,1,ساتسا,1
lafz,1,لفظ,1
kıymetini,1,قیمتینی,1
köndüreyin,1,کؤندۆره‌یین,1
tarusa,1,تاروسا,1
ğarîblıkta,1,غریبلېقتا,1
işleteyin,1,ایشله‌ته‌یین,1
kireyin,1,کیره‌یین,1
işletip,1,ایشله‌تیپ,1
basala,1,باسالا,1
ewindin,1,ائویندین,1
ilig-turur,1,ایلیگ تورور,1
orduka,1,اۏردوقا,1
tarudı,1,تارودې,1
muyanlıkta,1,مویانلېقتا,1
tünedi,1,تۆنه‌دی,1
ukuşluk,1,اوقوشلوق,1
bilişi,1,بیلیشی,1
kirmedük,1,کیرمه‌دۆک,1
bilişti,1,بیلیشتی,1
tutdı,1,توتدې,1
yérindin,1,ییریندین,1
yetrürek,1,یئترۆرک,1
bütrürek,1,بۆترۆرک,1
küsemişke,1,کۆسه‌میشکه,1
ukturayın,1,اوقتورایېن,1
körüñü,1,کؤرۆڭۆ,1
küsemış,1,کۆسه‌میش,1
tüştüñ,1,تۆشتۆڭ,1
bilişiñ,1,بیلیشیڭ,1
çawını,1,چاوېنې,1
ukuşın,1,اوقوشېن,1
sawını,1,ساوېنې,1
tapınğalı,1,تاپېنغالې,1
tapladı,1,تاپلادې,1
sewmese,1,سئومه‌سه,1
kokuzı,1,قۏقوزې,1
tutmasunı,1,توتماسونې,1
turğa-men,1,تورغا من,1
işleriñni,1,ایشلریڭنی,1
kılğa-men,1,قېلغا من,1
itge-men,1,ایتگه من,1
irsel-turur,1,ایرسل تورور,1
turayın,1,تورایېن,1
barçın,1,بارچېن,1
iwmegü,1,ایومه‌گۆ,1
serneyin,1,سرنه‌یین,1
vaktı,1,وقتې,1
keleyin,1,کله‌یین,1
tözün,1,تؤزۆن,1
köründür,1,کؤرۆندۆر,1
yügürtti,1,یۆگۆرتتی,1
kirsüni,1,کیرسۆنی,1
körüngil,1,کؤرۆنگیل,1
xiv,1,خیو,1
süçitti,1,سۆچیتتی,1
yatıñ,1,یاتېڭ,1
ayt,1,آیت,1
hôş,1,خوش,1
oğrap,1,اۏغراپ,1
kanıp,1,قانېپ,1
yérmedin,1,ییرمه‌دین,1
bululdı,1,بولولدې,1
körküñ,1,کؤرکۆڭ,1
oğurluğ,1,اۏغورلوغ,1
esüngil,1,اسۆنگیل,1
kıyılma,1,قېیېلما,1
yazğuka,1,یازغوقا,1
yarayur,1,یارایور,1
étlür,1,ایتلۆر,1
turğak,1,تورغاق,1
yatğakın,1,یاتغاقېن,1
çıka,1,چېقا,1
siñmeginçe,1,سیڭمه‌گینچه,1
içrek,1,ایچره‌ک,1
süçindi,1,سۆچیندی,1
xv,1,خو,1
yastanıp,1,یاستانېپ,1
ündemedi,1,اۆنده‌مه‌دی,1
açmadı,1,آچمادې,1
awıttı,1,آوېتتې,1
buştı,1,بوشتې,1
kararttı,1,قارارتتې,1
yañıldı,1,یاڭېلدې,1
iweklik-turur,1,ایوَکلیک تورور,1
amulluk-turur,1,آموللوق تورور,1
bilmedin,1,بیلمه‌دین,1
tapındurmadın,1,تاپېندورمادېن,1
karartma,1,قارارتما,1
okıtğu,1,اۏقېتغو,1
kınağu,1,قېناغو,1
awıtğu,1,آوېتغو,1
munduzı,1,موندوزې,1
fuzûlluk,1,فضوللوق,1
tusuğluğ,1,توسوغلوغ,1
açındım,1,آچېندېم,1
basındıñ,1,باسېندېڭ,1
yastadıñ,1,یاستادېڭ,1
oldurğuka,1,اۏلدورغوقا,1
yumduñ,1,یومدوڭ,1
eşitmezmü,1,ائشیتمزمۆ,1
bügüdin,1,بۆگۆدین,1
bérmedimü,1,بیرمه‌دیمۆ,1
anañ,1,آناڭ,1
tutuzmadımu,1,توتوزمادېمو,1
küyürmek,1,کۆیۆرمک,1
yut-turur,1,یوت تورور,1
basınsa,1,باسېنسا,1
korkmasa,1,قۏرقماسا,1
korkıtur,1,قۏرقېتور,1
xvi,1,خوی,1
işlerni,1,ایشلرنی,1
keldüküm,1,کلدۆکۆم,1
körkittüküm,1,کؤرکیتتۆکۆم,1
oldurmadım,1,اۏلدورمادېم,1
berkitü,1,برکیتۆ,1
yañzağını,1,یاڭزاغېنې,1
yuwlunur,1,یوولونور,1
tegzinür,1,تگزینۆر,1
yümdüküm,1,یۆمدۆکۆم,1
körkitür-men,1,کؤرکیتۆر من,1
erdüküm,1,ایردۆکۆم,1
ilinse,1,ایلینسه,1
kizledim,1,کیزله‌دیم,1
turmadı,1,تورمادې,1
kolduñ,1,قۏلدوڭ,1
yetürdüm,1,یئتۆردۆم,1
üzelip,1,اۆزه‌لیپ,1
ursukar,1,اورسوقار,1
basayın,1,باسایېن,1
bassıkar,1,باسسېقار,1
uksu,1,اوقسو,1
talulap,1,تالولاپ,1
ayığlap,1,آیېغلاپ,1
irsellikim,1,ایرسللیکیم,1
yirinçig,1,ییرینچیگ,1
yañıda,1,یاڭېدا,1
tatığnı,1,تاتېغنې,1
sökerler,1,سؤکرلر,1
ururlar,1,اورورلار,1
yokalğu-turur,1,یۏقالغو تورور,1
hâlik,1,خالق,1
tédüküñ,1,تیدۆکۆڭ,1
tünermegey,1,تۆنرمه‌گَی,1
kitgü,1,کیتگۆ,1
bekiñ,1,بکیڭ,1
kaçumaz-men,1,قاچوماز من,1
berkiñ,1,برکیڭ,1
berklegü,1,برکله‌گۆ,1
ertmese,1,ارتمه‌سه,1
satğamasa,1,ساتغاماسا,1
basıtmasa,1,باسېتماسا,1
sokmasa,1,سۏقماسا,1
saçmasa,1,ساچماسا,1
katılmasa,1,قاتېلماسا,1
kişeni,1,کیشه‌نی,1
neñler-turur,1,نڭلر تورور,1
kaçmaz,1,قاچماز,1
tizig,1,تیزیگ,1
tezümez-turur,1,تیزۆمز تورور,1
tezse,1,تیزسه,1
yayığlık,1,یایېغلېق,1
bî-vefâ,1,بی‌وفا,1
tutsun,1,توتسون,1
urmasa,1,اورماسا,1
karılar,1,قارېلار,1
beklemese,1,بکله‌مه‌سه,1
büteyin,1,بۆته‌یین,1
ayka,1,آیقا,1
tolsa,1,تۏلسا,1
törçir,1,تؤرچیر,1
kiter-men,1,کیتر من,1
söki,1,سؤکی,1
irilür,1,ایریلۆر,1
sertân,1,سرطان,1
çevrilür,1,چئوریلۆر,1
çıkarı,1,چېقارې,1
yatarın,1,یاتارېن,1
ildi,1,ایلدی,1
kezer-men,1,کزر من,1
yıp,1,یېپ,1
igim,1,ایگیم,1
ıdayın,1,اېدایېن,1
kılğusı,1,قېلغوسې,1
xvii,1,خویی,1
hâlî,1,حالی,0
sözlemedi,1,سؤزله‌مه‌دی,1
işâret,1,اشارت,1
yaşru,1,یاشرو,1
açıtmış,1,آچېتمېش,1
adrı-turur,1,آدرې تورور,1
biçekig,1,بیچکیگ,1
solındın,1,سۏلېندېن,1
oñındın,1,اۏڭېندېن,1
korktı,1,قۏرقتې,1
tepret,1,تپرت,1
şatı,1,شاتې,1
buşursa,1,بوشورسا,1
tañırkadı,1,تاڭېرقادې,1
tañım,1,تاڭېم,1
eymenip,1,ائیمنیپ,1
ötnümez-men,1,اؤتنۆمز من,1
yazıp,1,یازېپ,1
xviii,1,خوییی,1
tañsuk,1,تاڭسوق,1
körkitip,1,کؤرکیتیپ,1
buşurduñ,1,بوشوردوڭ,1
berkitip,1,برکیتیپ,1
buştum,1,بوشتوم,1
ilendi,1,ایلندی,1
sarıldım,1,سارېلدېم,1
töküldi,1,تؤکۆلدی,1
kut-men,1,قوت من,1
kılmışıñnı,1,قېلمېشېڭنې,1
‘üdrüñi,1,‘ۆدرۆڭی,0
ağırladım,1,آغېرلادېم,1
kılkların,1,قېلقلارېن,1
oldurdukı,1,اۏلدوردوقې,1
üçegü-turur,1,اۆچَگۆ تورور,1
kamıtmaz,1,قامېتماز,1
adakta,1,آداقتا,1
ikisi,1,ایکیسی,1
kamıtar,1,قامېتار,1
tüz-turur,1,تۆز تورور,1
tüşmez,1,تۆشمز,1
serer,1,سرر,1
adırmaz-men,1,آدېرماز من,1
begsig,1,بگسیگ,1
kulsığ,1,قولسېغ,1
bögde,1,بؤگده,1
eligde-turur,1,ائلیگده تورور,1
bıçığlı,1,بېچېغلې,1
kesigli-turur,1,کسیگلی تورور,1
bıçar-men,1,بېچار من,1
uzatmaz-men,1,اوزاتماز من,1
süçiyü,1,سۆچییۆ,1
tütşü,1,تۆتشۆ,1
bérse-men,1,بیرسه من,1
körse-men,1,کؤرسه من,1
tügüki,1,تۆگۆکی,1
körksüzlüküm,1,کؤرکسۆزلۆکۆم,1
küçemçi,1,کۆچمچی,1
yüzsüzlüküm,1,یۆزسۆزلۆکۆم,1
törüde,1,تؤرۆده,1
könilik-turur,1,کؤنیلیک تورور,1
at(isim)ı,1,آتې (اسمی),1
tüsig,1,تۆسیگ,1
korum,1,قۏروم,1
témez,1,تیمز,1
sâbit-turur,1,ثابت تورور,1
sâbit,1,ثابت,1
burc,1,بورج,1
tepremezi,1,تپره‌مزی,1
tegşürülmez,1,تگشۆرۆلمز,1
yarukta,1,یاروقتا,1
tutnayın,1,توتنایېن,1
emgese,1,امگه‌سه,1
tapuğun,1,تاپوغون,1
tördin,1,تؤردین,1
sewindürse,1,سئویندۆرسه,1
kılğan,1,قېلغان,1
yarayın,1,یارایېن,1
urmaz,1,اورماز,1
asığdın,1,آسېغدېن,1
kayunı,1,قایونې,1
biriker,1,بیریکر,1
uyadmasa,1,اویادماسا,1
kişilerni,1,کیشیلرنی,1
bük,1,بۆک,1
ururmu,1,اورورمو,1
ikigüni,1,ایکیگۆنی,1
arımaz,1,آرېماز,1
kiri,1,کیری,1
edgüdin,1,ائدگۆدین,1
buzmağınça,1,بوزماغېنچا,1
karında,1,قارېندا,1
ögretig,1,اؤگره‌تیگ,1
kızartmaz,1,قېزارتماز,1
zindân,1,زندان,1
erürin,1,ایرۆرین,1
koldaçılar,1,قۏلداچېلار,1
buldılar,1,بولدېلار,1
kılmakı,1,قېلماقې,1
ağğuka,1,آغغوقا,1
éiş,1,عیش,0
ağumaz,1,آغوماز,1
sawlanur,1,ساولانور,1
yerip,1,یئریپ,1
satğağka,1,ساتغاغقا,1
bakmaz,1,باقماز,1
erejlense,1,ارژلنسه,1
ökünmez,1,اؤکۆنمز,1
ökünçsüz-men,1,اؤکۆنچسۆز من,1
ölse-men,1,اؤلسه من,1
todar,1,تۏدار,1
aç-men,1,آچ من,1
kerekmez,1,کیرکمز,1
bıvalık,1,بیوه‌لیک,0
ögmeyin,1,اؤگمه‌یین,1
buldur,1,بولدور,1
buzulmasu,1,بوزولماسو,1
kurımaz,1,قورېماز,1
esirker,1,اسیرکر,1
yatğakta,1,یاتغاقتا,1
üdler,1,اۆدلر,1
xix,1,خیخ,1
bekütti,1,بکۆتتی,1
yarlıkamaz,1,یارلېقاماز,1
ötneyin,1,اؤتنه‌یین,1
ba,1,با,1
kısğan,1,قېسغان,1
basğan,1,باسغان,1
akığlı,1,آقېغلې,1
çim,1,چیم,1
bilgeler,1,بیلگه‌لر,1
tepseler,1,تپسه‌لر,1
ap,1,آپ,1
yem,1,یئم,1
ayıtmasa,1,آیېتماسا,1
ayıtmaklık,1,آیېتماقلېق,1
erkek-turur,1,ارکک تورور,1
tişike,1,تیشیکه,1
erkek,1,ارکک,1
yasıña,1,یاسېڭا,1
sözlegen,1,سؤزله‌گن,1
yılkı-turur,1,یېلقې تورور,1
kılkı-turur,1,قېلقې تورور,1
kulaktın,1,قولاقتېن,1
küdezgen,1,کۆدزگن,1
tokuzı,1,تۏقوزې,1
yıdığ,1,یېدېغ,1
yérinçe,1,ییرینچه,1
yérdeki,1,ییرده‌کی,1
tördeki,1,تؤرده‌کی,1
éndrür,1,ایندرۆر,1
azı,1,آزې,1
ayıtmışka,1,آیېتمېشقا,1
kimiñdin,1,کیمیڭدین,1
bilgedin,1,بیلگه‌دین,1
eştü,1,ائشتۆ,1
tuñu,1,توڭو,1
aysun,1,آیسون,1
şükmü,1,شۆکمۆ,1
açsamu,1,آچسامو,1
halâyıklarığ,1,خلایقلارېغ,1
teñrig,1,تڭریگ,1
ögerler,1,اؤگرلر,1
tepresü,1,تپره‌سۆ,1
kizlesü,1,کیزله‌سۆ,1
yañşak,1,یاڭشاق,1
uçuzı,1,اوچوزې,1
yañşakı,1,یاڭشاقې,1
şükruğ,1,شکروغ,0
ötey,1,اؤتَی,1
şükrı,1,شکری,0
kövrügi,1,کؤورۆگی,1
kuyağ,1,قویاغ,1
süzdi,1,سۆزدی,1
xx,1,خخ,1
kıvılkın,1,قېوېلقېن,1
yıktı,1,یېقتې,1
énigli,1,اینیگلی,1
éner,1,اینر,1
yaruğlı,1,یاروغلې,1
tunar,1,تونار,1
tükegli,1,تۆکَگلی,1
énişke,1,اینیشکه,1
tiriglig,1,تیریگلیگ,1
kışka,1,قېشقا,1
tadular,1,تادولار,1
küçendi,1,کۆچندی,1
üçin,1,اۆچین,1
kağıl,1,قاغېل,1
çaldı,1,چالدې,1
kördiler,1,کؤردیلر,1
kem,1,کم,0
ekhel,1,اکهل,0
ötrüm,1,اؤترۆم,1
kıldılar,1,قېلدېلار,1
şelişe,1,شئلیشه,0
tiryâk,1,تریاک,1
matrıdus,1,ماترېدوس,1
kam,1,قام,1
ölüglike,1,اؤلۆگلیکه,1
udkuñ,1,اودقوڭ,1
ayım,1,آیېم,1
batğalır,1,باتغالېر,1
küwençlik,1,کۆونچلیک,1
kalğalır,1,قالغالېر,1
kelgelir,1,کلگه‌لیر,1
ulıyu,1,اولېیو,1
yelip,1,یئلیپ,1
titgü,1,تیتگۆ,1
köñlüme,1,کؤڭلۆمه,1
ilgü,1,ایلگۆ,1
açığka,1,آچېغقا,1
bamağu,1,باماغو,1
bütmegil,1,بۆتمه‌گیل,1
kılmağa,1,قېلماغا,1
ilenme,1,ایلَنمه,1
usba,1,اوسبا,1
ağırladıñ,1,آغېرلادېڭ,1
yetrümedim,1,یئترۆمه‌دیم,1
kanbı,1,قانبې,0
ölmekim,1,اؤلمکیم,1
barmakım,1,بارماقېم,1
üzelü,1,اۆزه‌لۆ,1
bütürdi,1,بۆتۆردی,1
üdüm,1,اۆدۆم,1
busuğçı,1,بوسوغچې,1
ürüñi,1,اۆرۆڭی,1
yulğı,1,یولغې,1
iglegen,1,ایگله‌گن,1
igdin,1,ایگدین,1
köñülüñ,1,کؤڭۆلۆڭ,1
umınçsız,1,اومېنچسېز,1
cândın,1,جاندېن,1
yudı,1,یودې,1
suklukun,1,سوقلوقون,1
yoklukun,1,یۏقلوقون,1
kıstı,1,قېستې,1
ağırlıkka,1,آغېرلېققا,1
yirer,1,ییرر,1
ıdğum,1,اېدغوم,1
edgülüg,1,ائدگۆلۆگ,1
ölgeli,1,اؤلگه‌لی,1
küldüm,1,کۆلدۆم,1
ölümni,1,اؤلۆمنی,1
erejlerke,1,ارژلرکه,1
yürekin,1,یۆرکین,1
sewinçlerke,1,سئوینچلرکه,1
külgüçi,1,کۆلگۆچی,1
anuñu,1,آنوڭو,1
ölgüçi,1,اؤلگۆچی,1
kılmasunı,1,قېلماسونې,1
fazlıñ,1,فضلیڭ,1
yétürdüm,1,ییتۆردۆم,1
rahmetiñ,1,رحمتیڭ,1
yawalıkta,1,یاوالېقتا,1
xxi,1,خخی,1
oğlınıñ,1,اۏغلېنېڭ,1
akın,1,آقېن,1
kızda,1,قېزدا,1
tirigliki,1,تیریگلیکی,1
kaçğu,1,قاچغو,1
karıdı,1,قارېدې,1
orunçun,1,اۏرونچون,1
odulmış,1,اۏدولمېش,1
urmakı,1,اورماقې,1
sarâyığ,1,سارایېغ,1
saçığlı,1,ساچېغلې,1
çâreˆsiz,1,چاره‌سیز,1
çâre,1,چاره,1
ayıttuñ,1,آیېتتوڭ,1
bılge,1,بیلگه,1
bola,1,بۏلا,1
hakîmlerke,1,حاکملرکه,1
bügülerke,1,بۆگۆلرکه,1
sawcılar,1,ساوجېلار,1
kalay,1,قالای,1
ilenür,1,ایلنۆر,1
tirdiñ,1,تیردیڭ,1
ülemediñ,1,اۆله‌مه‌دیڭ,1
ökünsü,1,اؤکۆنسۆ,1
ilensü,1,ایلنسۆ,1
çalsa,1,چالسا,1
alktı,1,آلقتې,1
mañıtmaz,1,ماڭېتماز,1
ukulsa,1,اوقولسا,1
nefes,1,نَفَس,1
minsiz,1,مینسیز,1
anası,1,آناسې,1
kıstaçı,1,قېستاچې,1
oğulluk,1,اۏغوللوق,1
oğulluğ,1,اۏغوللوغ,1
yığlağu,1,یېغلاغو,1
ögretü,1,اؤگره‌تۆ,1
yetü,1,یئتۆ,1
külmesüni,1,کۆلمه‌سۆنی,1
turmayın,1,تورمایېن,1
kadğularıñ,1,قادغولارېڭ,1
körmeyin,1,کؤرمه‌یین,1
cânıñı,1,جانېڭې,1
sığıtnı,1,سېغېتنې,1
kalırı,1,قالېرې,1
kalırka,1,قالېرقا,1
yığlar,1,یېغلار,1
yığlama,1,یېغلاما,1
kılğusın,1,قېلغوسېن,1
biregüke,1,بیره‌گۆکه,1
kurıtma,1,قورېتما,1
törütülmiş,1,تؤرۆتۆلمیش,1
‘azîzlarka,1,عزیزلارقا,1
yöleki,1,یؤلکی,1
bérmişiñe,1,بیرمیشیڭه,1
hükmüñ,1,حُکمۆڭ,1
muñadturmağıl,1,موڭادتورماغېل,1
ni‘metke,1,نعمتکه,1
kapğın,1,قاپغېن,1
yil,1,ییل,1
köçer,1,کؤچر,1
yitürgey,1,ییتۆرگَی,1
yığlap,1,یېغلاپ,1
kılğuñı,1,قېلغوڭې,1
xxii,1,خخیی,1
yarlığların,1,یارلېغلارېن,1
mâlım,1,مالېم,1
bök,1,بؤک,1
/şük/,1,/شۆک/,1
yetmegey,1,یئتمه‌گَی,1
künin,1,کۆنین,1
‘ödürke,1,‘ؤدۆرکئ,0
köşit,1,کؤشیت,1
tikge,1,تیکگه,1
ewiñke,1,ائویڭکه,1
yadğay,1,یادغای,1
soñ,1,سۏڭ,1
yapa,1,یاپا,1
tişidin,1,تیشیدین,1
katılmazda,1,قاتېلمازدا,1
sınağıl,1,سېناغېل,1
kadğurmağıl,1,قادغورماغېل,1
örge,1,اؤرگه,1
munka,1,مونقا,1
bulğakıña,1,بولغاقېڭا,1
yorımasu,1,یۏرېماسو,1
çıkışıñnı,1,چېقېشېڭنې,1
tapar,1,تاپار,1
turdaçı,1,تورداچې,1
kayra,1,قایرا,1
irse,1,ایرسه,1
yapulsa,1,یاپولسا,1
seringil,1,سرینگیل,1
serinmek,1,سرینمک,1
kalınka,1,قالېنقا,1
yak,1,یاق,1
yağukka,1,یاغوققا,1
etmekni,1,ائتمکنی,1
yolını,1,یۏلېنې,1
zinâka,1,زناقا,1
hader,1,هدر,1
tonını,1,تۏنېنې,1
keder,1,کدر,1
zinâdın,1,زنادېن,1
sudar,1,سودار,1
xxiii,1,خخییی,1
bitimlişin,1,بیتیملیشین,1
bitigü,1,بیتیگۆ,1
kolmışı,1,قۏلمېشې,1
konum,1,قۏنوم,1
sawçıkamiñ,1,ساوچېقامېڭ,1
kesmedin,1,کسمه‌دین,1
aşağıl,1,آشاغېل,1
toluluk,1,تۏلولوق,1
ölü,1,اؤلۆ,1
açındıñ,1,آچېندېڭ,1
tapnumadın,1,تاپنومادېن,1
okın,1,اۏقېن,1
awı,1,آوې,1
térmiş,1,تیرمیش,1
rahmetinde,1,رحمتینده,1
şeksizin,1,شکسیزین,1
sewindürgil,1,سئویندۆرگیل,1
barında,1,بارېندا,1
ulısa,1,اولېسا,1
katılan,1,قاتېلان,1
armasun,1,آرماسون,1
yorıtğıl,1,یۏرېتغېل,1
biçgil,1,بیچگیل,1
yazukta,1,یازوقتا,1
tutğusı,1,توتغوسې,1
yetgüsi,1,یئتگۆسی,1
üdindin,1,اۆدیندین,1
tirigliklerig,1,تیریگلیکلریگ,1
örügler,1,اؤرۆگلر,1
arkasmdın,1,آرقاسمدېن,1
tuğulsa,1,توغولسا,1
menzil,1,منزل,1
aylık,1,آیلېق,1
musâfir,1,مسافر,1
eñim,1,اڭیم,1
yoluñda,1,یۏلوڭدا,1
oñça,1,اۏڭچا,1
solça,1,سۏلچا,1
tarığlağ,1,تارېغلاغ,1
tarısa,1,تارېسا,1
orar,1,اۏرار,1
ta,1,تا,1
ökünmiş,1,اؤکۆنمیش,1
künüñni,1,کۆنۆڭنی,1
seninde,1,سنینده,1
gûri,1,گوری,1
koyçısı,1,قۏیچېسې,1
kütçisi,1,کۆتچیسی,1
sefer,1,سفر,1
itme,1,ایتمه,1
sarâyıñ,1,سارایېڭ,1
sakınmaz,1,ساقېنماز,1
awınçıñ,1,آوېنچېڭ,1
küwençiñ,1,کۆوَنچیڭ,1
udığa,1,اودېغا,1
töşenür,1,تؤشنۆر,1
töşeñü-turur,1,تؤشڭۆ تورور,1
awınçu,1,آوېنچو,1
yaşıp,1,یاشېپ,1
yorığa,1,یۏرېغا,1
keveldin,1,کئوَلدین,1
edersiz,1,ائدرسیز,1
tez,1,تیز,1
yulun,1,یولون,1
azukuñ,1,آزوقوڭ,1
kazğanç,1,قازغانچ,1
köçüñ,1,کؤچۆڭ,1
anır,1,آنېر,1
kuç,1,قوچ,1
müfâca,1,مفاجا,1
kısğu,1,قېسغو,1
bağa,1,باغا,1
urğuçı,1,اورغوچې,1
yarılma,1,یارېلما,1
üñni,1,اۆڭنی,1
füsûsun,1,فسوسون,1
sewerim,1,سئوه‌ریم,1
kumarumnı,1,قومارومنې,1
alğalır,1,آلغالېر,1
okığçı,1,اۏقېغچې,1
kelürke,1,کلۆرکه,1
yorırka,1,یۏرېرقا,1
kutulu,1,قوتولو,1
ukmış,1,اوقمېش,1
anuklap,1,آنوقلاپ,1
bağuçı,1,باغوچې,1
ötedim,1,اؤته‌دیم,1
bağrım,1,باغرېم,1
yawalar,1,یاوالار,1
sebebi,1,سببی,1
ögretgil,1,اؤگره‌تگیل,1
tüzülsü,1,تۆزۆلسۆ,1
alınsu,1,آلېنسو,1
köklemiş,1,کؤکله‌میش,1
ayama,1,آیاما,1
ögretür,1,اؤگره‌تۆر,1
anunsun,1,آنونسون,1
itsüni,1,ایتسۆنی,1
koyıña,1,قۏیېڭا,1
barnu,1,بارنو,1
üdlep,1,اۆدله‌پ,1
yügürme,1,یۆگۆرمه,1
kopğan,1,قۏپغان,1
isiñil,1,ایسیڭیل,1
olındı,1,اۏلېندې,1
bi-vefâ,1,بی‌وفا,1
yalıñın,1,یالېڭېن,1
ulığlı,1,اولېغلې,1
karındın,1,قارېندېن,1
çıkardıñ,1,چېقاردېڭ,1
şekerdin,1,شَکَردین,1
yılanka,1,یېلانقا,1
gûrke,1,گورکه,1
ögin,1,اؤگین,1
bahîl,1,بخیل,1
edizlik,1,ائدیزلیک,1
öznüñ,1,اؤزنۆڭ,1
kuta,1,قوتا,1
töñitse,1,تؤڭیتسه,1
énse,1,اینسه,1
yuta,1,یوتا,1
ölümsüz,1,اؤلۆمسۆز,1
meñlüg,1,مڭلۆگ,1
erksizlikin,1,ائرکسیزلیکین,1
kerdi,1,کئردی,1
könmiş,1,کؤنمیش,1
tük,1,تۆک,1
ölsün,1,اؤلسۆن,1
ölümtin,1,اؤلۆمتین,1
nece,1,نئجه,1
keldeçi,1,کلده‌چی,1
ölmese,1,اؤلمه‌سه,1
erinçke,1,ائرینچکه,1
üm,1,اۆم,1
ulum,1,اولوم,1
xxiv,1,خخیو,1
ögdilmişni,1,اؤگدیلمیشنی,1
okimişin,1,اۏقیمیشین,1
oğu,1,اۏغو,1
inde,1,اینده,1
sakınçlar,1,ساقېنچلار,1
aşayu,1,آشایو,1
kapuğum,1,قاپوغوم,1
kurıttıñ,1,قورېتتېڭ,1
hakım,1,حاکِم,1
ğamım,1,غمیم,1
ötesün,1,اؤته‌سۆن,1
haklarıñ,1,حقلریڭ,1
yoğı,1,یۏغې,1
ili,1,ایلی,1
tügüldi,1,تۆگۆلدی,1
yetlümedi,1,یئتلۆمه‌دی,1
erdemleri,1,اردملری,1
irükler,1,ایرۆکلر,1
unıtmış-men,1,اونېتمېش من,1
taña,1,تاڭا,1
bekitti,1,بکیتتی,1
xxv,1,خخو,1
könimü,1,کؤنیمۆ,1
atañda,1,آتاڭدا,1
sewinçmü,1,سئوینچمۆ,1
kadğudın,1,قادغودېن,1
tapuğında,1,تاپوغېندا,1
iriglendi,1,ایریگلندی,1
külmedim,1,کۆلمه‌دیم,1
edlep,1,ائدله‌پ,1
umınçlığka,1,اومېنچلېغقا,1
yarlığını,1,یارلېغېنې,1
xxvi,1,خخوی,1
tapuğiña,1,تاپوغیڭا,1
kirmişin,1,کیرمیشین,1
tapnu,1,تاپنو,1
haklar,1,حقلر,1
emgekni,1,امگکنی,1
kişilikni,1,کیشیلیکنی,1
emgekini,1,امگکینی,1
tepremedi,1,تپره‌مه‌دی,1
tünin,1,تۆنین,1
sığdı,1,سېغدې,1
ilenç,1,ایلنچ,1
sarılsa,1,سارېلسا,1
tapısız,1,تاپېسېز,1
tapmış,1,تاپمېش,1
diriğâ,1,دریغا,1
térildi,1,تیریلدی,1
işimke,1,ایشیمکه,1
sındı,1,سېندې,1
yoñlı,1,یۏڭلې,1
yarap,1,یاراپ,1
tusulup,1,توسولوپ,1
tusuğlısı,1,توسوغلېسې,1
yurnı,1,یورنې,1
oını,1,اۏېنې,0
tolğuka,1,تۏلغوقا,1
edleyin,1,ائدله‌یین,1
yarağu,1,یاراغو,1
aymışıla,1,آیمېشېلا,1
yakur,1,یاقور,1
edlese-men,1,ائدله‌سه من,1
tidüküm,1,تیدۆکۆم,1
opramaz,1,اۏپراماز,1
emitti,1,امیتتی,1
taşım,1,تاشېم,1
boluğı,1,بۏلوغې,1
edledim,1,ائدله‌دیم,1
bedüginçe,1,بدۆگینچه,1
çéçekinde,1,چیچکینده,1
tusuldı,1,توسولدې,1
yenip,1,یئنیپ,1
teñsizig,1,تڭسیزیگ,1
uwutsuzluk,1,اوووتسوزلوق,1
üçegün,1,اۆچه‌گۆن,1
saranlıkta,1,سارانلېقتا,1
saranığ,1,سارانېغ,1
anadınmu,1,آنادېنمو,1
unar,1,اونار,1
ögrenmedi,1,اؤگره‌نمه‌دی,1
ukuşta,1,اوقوشتا,1
erdemlerig,1,اردملریگ,1
tutlı,1,توتلې,1
kılğı,1,قېلغې,1
işitti,1,ایشیتتی,1
tutundı,1,توتوندې,1
adaşı,1,آداشې,1
tüplüg,1,تۆپلۆگ,1
berklegüsi,1,برکله‌گۆسی,1
köçüt,1,کؤچۆت,1
lüg,1,لۆگ,1
bolumsuzka,1,بۏلومسوزقا,1
teper,1,تپر,1
devletin,1,دَولتین,1
keçürmez,1,کئچۆرمز,1
uçuzladı,1,اوچوزلادې,1
sermedi,1,سرمه‌دی,1
kesmedi,1,کسمه‌دی,1
yışığ,1,یېشېغ,1
öziñ,1,اؤزیڭ,1
suklanmadı,1,سوقلانمادې,1
tapundı,1,تاپوندې,1
kıyık,1,قېیېق,1
kızrak,1,قېزراق,1
kümüşte,1,کۆمۆشته,1
ilinmegli,1,ایلینمگلی,1
irtegü,1,ایرته‌گۆ,1
toplur,1,تۏپلور,1
kayağ,1,قایاغ,1
kulaçlayu,1,قولاچلایو,1
art,1,آرت,1
aşar,1,آشار,1
ögüzler,1,اؤگۆزلر,1
kuduğda,1,قودوغدا,1
turada,1,تورادا,1
yuluğda,1,یولوغدا,1
kunuk,1,قونوق,1
ölütçi,1,اؤلۆتچی,1
kıruk,1,قېروق,1
küdezçisi,1,کۆدزچیسی,1
tezgin,1,تیزگین,1
bulğusı,1,بولغوسې,1
ögdülmişi,1,اؤگدۆلمیشی,1
boynuñ,1,بۏینوڭ,1
ege,1,ایگه,1
kulnı,1,قولنې,1
biliglike,1,بیلیگلیکه,1
kötürmişni,1,کؤتۆرمیشنی,1
ilmek,1,ایلمک,1
kedüt,1,کدۆت,1
tozğu,1,تۏزغو,1
artut,1,آرتوت,1
ağrladı,1,آغېرلادې,1
bekip,1,بکیپ,1
tatıldı,1,تاتېلدې,1
tirigük,1,تیریگۆک,1
siligdin,1,سیلیگدین,1
ögmegü,1,اؤگمه‌گۆ,1
yirmegü,1,ییرمه‌گۆ,1
uğuşluğ,1,اوغوشلوغ,1
telgülüg,1,تئلگۆلۆگ,1
ukuşuğka,1,اوقوشوغقا,1
birigli,1,بیریگلی,1
asrakılar,1,آسراقېلار,1
ökü,1,اؤکۆ,1
meñelig,1,مڭه‌لیگ,1
kirmedi,1,کیرمه‌دی,1
kaldıñ,1,قالدېڭ,1
bedüktin,1,بدۆکتین,1
ögretümedi,1,اؤگره‌تۆمه‌دی,1
tegümedi,1,تگۆمه‌دی,1
alkışı,1,آلقېشې,1
ağa,1,آغا,1
kalmadım,1,قالمادېم,1
edledi,1,ائدله‌دی,1
yaşarğu,1,یاشارغو,1
sözü,1,سؤزۆ,1
bağka,1,باغقا,1
eksümedin,1,اکسۆمه‌دین,1
söze,1,سؤزه,1
yükser,1,یۆکسر,1
bilgüçiler,1,بیلگۆچیلر,1
ögrenipmü,1,اؤگره‌نیپمۆ,1
tuğarmu,1,توغارمو,1
törütürde,1,تؤرۆتۆرده,1
mâyeˆ,1,مایع,1
neñedür,1,نڭه‌دۆر,1
tüzlür,1,تۆزلۆر,1
tadudın,1,تادودېن,1
témegü,1,تیمه‌گۆ,1
bütmegül,1,بۆتمه‌گۆل,1
adırtu,1,آدېرتو,1
sözüñnüñ,1,سؤزۆڭنۆڭ,1
kayda-turur,1,قایدا تورور,1
meñede-turur,1,مڭه‌ده تورور,1
başta,1,باشتا,1
teñlig,1,تڭلیگ,1
adırtlar,1,آدېرتلار,1
karartğku,1,قارارتغقو,1
seçildi,1,سئچیلدی,1
yılkıdın,1,یېلقېدېن,1
sûreti,1,سرعتی,1
xxvii,1,خخویی,1
körklü,1,کؤرکلۆ,1
yetlü,1,یئتلۆ,1
bakışı,1,باقېشې,1
bekitür,1,بکیتۆر,1
oñdın,1,اۏڭدېن,1
kaçığlığ,1,قاچېغلېغ,1
uçuğlığ,1,اوچوغلېغ,1
sınukuğ,1,سېنوقوغ,1
sapar,1,ساپار,1
buzukuğ,1,بوزوقوغ,1
muñadur-men,1,موڭادور من,1
tenke,1,تنکه,1
solı,1,سۏلې,1
çın-turur,1,چېن تورور,1
alı,1,آلې,1
bilgüsi,1,بیلگۆسی,1
ukuşnuñ,1,اوقوشنوڭ,1
sabûr,1,صبور,1
tégit,1,تیگیت,1
yapuş,1,یاپوش,1
kiçigi,1,کیچیگی,1
karısı,1,قارېسې,1
yükümni,1,یۆکۆمنی,1
tındurur,1,تېندورور,1
kıldukuñ,1,قېلدوقوڭ,1
tındrur,1,تېندرور,1
begiñge,1,بگیڭگه,1
arığar,1,آرېغار,1
üküşreki,1,اۆکۆشره‌کی,1
endâmka,1,اندامقا,1
ülgin,1,اۆلگین,1
tatığdın,1,تاتېغدېن,1
bekürtse,1,بکۆرتسه,1
tatlğ,1,تاتلېغ,1
sewer-men,1,سئور من,1
da‘vîka,1,دعویقا,1
yüzinde,1,یۆزینده,1
tırlayu,1,تېرلایو,1
erbüzi,1,اربۆزی,1
aysu,1,آیسو,1
aytur-men,1,آیتور من,1
ayıtmak,1,آیېتماق,1
cevâbka,1,جوابقا,1
oñayın,1,اۏڭایېن,1
kemişmegil,1,کئمیشمه‌گیل,1
aytığlı,1,آیتېغلې,1
bilmedükin,1,بیلمه‌دۆکین,1
sewiñü,1,سئویڭۆ,1
sözlemekte,1,سؤزله‌مکته,1
eşitgüçi,1,ائشیتگۆچی,1
sözlemektin,1,سؤزله‌مکتین,1
kulakka,1,قولاققا,1
öziñke,1,اؤزیڭکه,1
yégledüki,1,ییگله‌دۆکی,1
sızurğu,1,سېزورغو,1
keçürsün,1,کئچۆرسۆن,1
bolmışın,1,بۏلمېشېن,1
xxviii,1,خخوییی,1
uığ,1,اوېغ,0
o,1,اۏ,1
öñdı,1,اؤڭدې,1
yéglikin,1,ییگلیکین,1
törütmek,1,تؤرۆتمک,1
yüg,1,یۆگ,1
kılğuçı-men,1,قېلغوچې من,1
körgüçi,1,کؤرگۆچی,1
körgüçidin,1,کؤرگۆچیدین,1
bağırka,1,باغېرقا,1
ataları,1,آتالارې,1
bağlığ-turur,1,باغلېغ تورور,1
lâmı,1,لامې,0
kitse,1,کیتسه,1
yilmiş,1,ییلمیش,1
müfâcâ,1,مفاجا,1
açlı,1,آچلې,1
ödrüm,1,اؤدرۆم,1
begligi,1,بگلیگی,1
emle,1,امله,1
buluğlı,1,بولوغلې,1
zamaneˆ,1,زمانه,1
üzük,1,اۆزۆک,1
atağu,1,آتاغو,1
beliñ,1,بئلیڭ,1
boz,1,بۏز,1
iwiñü,1,ایویڭۆ,1
todumsuz,1,تۏدومسوز,1
emleyümez,1,امله‌یۆمز,1
açlık,1,آچلېق,1
tersiz,1,ترسیز,1
yığığlı,1,یېغېغلې,1
bodınka,1,بۏدېنقا,1
tapulmaz,1,تاپولماز,1
kıyğuçı,1,قېیغوچې,1
usat,1,اوسات,1
tuıur,1,توېور,0
bekledi,1,بکله‌دی,1
irkledi,1,ایرکله‌دی,1
yençmek,1,یئنچمک,1
bütrümez,1,بۆترۆمز,1
itnip,1,ایتنیپ,1
busar,1,بوسار,1
basar,1,باسار,1
küçini,1,کۆچینی,1
kötrümez,1,کؤترۆمز,1
yéyümedi,1,یییۆمه‌دی,1
köyer,1,کؤیر,1
suw-turur,1,سوو تورور,1
yiyeyin,1,یییه‌یین,1
ordular,1,اۏردولار,1
yarasız,1,یاراسېز,1
yalğanmda,1,یالغانېمدا,1
sınanmış,1,سېنانمېش,1
yüreksizke,1,یۆرکسیزکه,1
ıtka,1,اېتقا,1
beklenür,1,بکلنۆر,1
eksüse,1,اکسۆسه,1
kavî,1,قوی,1
korkmaz,1,قۏرقماز,1
alğuka,1,آلغوقا,1
baylıkıña,1,بایلېقېڭا,1
ulur,1,اولور,1
artamasa,1,آرتاماسا,1
kılmağusın,1,قېلماغوسېن,1
ner,1,نر,1
sewülse,1,سئوۆلسه,1
irüksüz,1,ایرۆکسۆز,1
yirgürür,1,ییرگۆرۆر,1
köndrü,1,کؤندرۆ,1
kurğuluk,1,قورغولوق,1
turğuluk,1,تورغولوق,1
karada,1,قارادا,1
ögmez,1,اؤگمز,1
çöküt,1,چؤکۆت,1
yaşamış,1,یاشامېش,1
tütüşke,1,تۆتۆشکه,1
süçinse,1,سۆچینسه,1
igleri,1,ایگلری,1
kuşın,1,قوشېن,1
timçi,1,تیمچی,1
süzükni,1,سۆزۆکنی,1
yüler,1,یۆلر,1
mufsid,1,مفسد,1
teñsizin,1,تڭسیزین,1
ternsiz,1,ترنسیز,0
arığsıznı,1,آرېغسېزنې,1
suwun,1,سووون,1
negün,1,نه‌گۆن,1
yorığay,1,یۏرېغای,1
ağmaz,1,آغماز,1
aw,1,آو,1
riyâset,1,ریاست,1
huccet,1,حجت,1
kapuğın,1,قاپوغېن,1
bezer,1,بزر,1
ilini,1,ایلینی,1
bulğanukın,1,بولغانوقېن,1
bekliki,1,بکلیکی,1
yarunsa,1,یارونسا,1
kapı,1,قاپې,1
bodnın,1,بۏدنېن,1
sewindürmese,1,سئویندۆرمه‌سه,1
çıkmaz,1,چېقماز,1
anuñda,1,آنوڭدا,1
sakçısı,1,ساقچېسې,1
utğuçı,1,اوتغوچې,1
kınka,1,قېنقا,1
urğuçığ,1,اورغوچېغ,1
başlamakı,1,باشلاماقې,1
öggüçisi,1,اؤگگۆچیسی,1
korkınç-turur,1,قۏرقېنچ تورور,1
kerişi,1,کئریشی,1
ükekçe,1,اۆکَکچه,1
hafarlığ,1,حفارلېغ,0
sığın,1,سېغېن,1
yulıp,1,یولېپ,1
atap,1,آتاپ,1
tikgü,1,تیکگۆ,1
dirîğa,1,دریغا,1
yazmadıñ,1,یازمادېڭ,1
vezîri,1,وزیری,1
xxix,1,خخیخ,1
sunğu,1,سونغو,1
bekütügli,1,بکۆتۆگلی,1
kökin,1,کؤکین,1
muñadmışka,1,موڭادمېشقا,1
uğrın,1,اوغرېن,1
uruğsuz,1,اوروغسوز,1
vezîrka,1,وزیرقا,1
suklanmasa,1,سوقلانماسا,1
todumaz,1,تۏدوماز,1
üsteñli,1,اۆستڭلی,1
etsiz,1,اتسیز,1
irük,1,ایرۆک,1
işçike,1,ایشچیکه,1
sakışçı,1,ساقېشچې,1
sakışlar,1,ساقېشلار,1
saklar,1,ساقلار,1
saklıkın,1,ساقلېقېن,1
‘âlem,1,عالَم,1
levh-u,1,لوح و,1
ferişteˆ,1,فرشته,1
aydur,1,آیدور,1
katkı,1,قاتقې,1
bedüklükke,1,بدۆکلۆککه,1
katkısı,1,قاتقېسې,1
vezîrlıkka,1,وزیرلیککه,1
adırğan,1,آدېرغان,1
bayı,1,بایې,1
yarunmış,1,یارونمېش,1
anığ,1,آنېغ,1
yakurmaz,1,یاقورماز,1
küreşmez,1,کۆرشمز,1
bilişin,1,بیلیشین,1
ügri,1,اۆگری,1
teñni,1,تڭنی,1
teñeşçi,1,تڭشچی,1
ay(!),1,آی(!),1
köpedür,1,کؤپه‌دۆر,1
tüşmese,1,تۆشمه‌سه,1
sögüp,1,سؤگۆپ,1
tarar,1,تارار,1
xxx,1,خخخ,1
yahut,1,یاهوت,0
başlamak,1,باشلاماق,1
tüzmeki,1,تۆزمکی,1
sımak,1,سېماق,1
yadsa,1,یادسا,1
irkmese,1,ایرکمه‌سه,1
bağım,1,باغېم,1
térmese,1,تیرمه‌سه,1
kedürse,1,کئدۆرسه,1
kayan,1,قایان,1
seringü,1,سرینگۆ,1
tirengü,1,تیرنگۆ,1
ayıklığ-turur,1,آیېقلېغ تورور,1
kelmeginçe,1,کلمه‌گینچه,1
yaluç,1,یالوچ,1
ecelsiz,1,اجلسیز,1
kadıtmaz,1,قادېتماز,1
alplık,1,آلپلېق,1
ögünçke,1,اؤگۆنچکه,1
öldürür,1,اؤلدۆرۆر,1
isitür,1,ایسیتۆر,1
körlin,1,کؤرلین,1
erenig,1,اَرَنیگ,1
korksalar,1,قۏرقسالار,1
yawaşlarka,1,یاواشلارقا,1
tuşañ,1,توشاڭ,1
yaşañ,1,یاشاڭ,1
edgülerke,1,ائدگۆلرکه,1
awınğıl,1,آوېنغېل,1
karıştukta,1,قارېشتوقتا,1
esri,1,اسری,1
bileki,1,بیله‌کی,1
adığlayu,1,آدېغلایو,1
azğın,1,آزغېن,1
buğrası,1,بوغراسې,1
sağızğanda,1,ساغېزغاندا,1
sakrak,1,ساقراق,1
kuzunı,1,قوزونې,1
hamyet,1,حمیّت,1
arslanlayu,1,آرسلانلایو,1
ügi,1,اۆگی,1
yañlar,1,یاڭلار,1
sançğuçı,1,سانچغوچې,1
yetürgen,1,یئتۆرگن,1
tolumı,1,تۏلومې,1
içgü-turur,1,ایچگۆ تورور,1
kéñüt,1,کیڭۆت,1
hayl,1,خَیل,1
yumıtmaz,1,یومېتماز,1
topulsa,1,تۏپولسا,1
yitilik,1,ییتیلیک,1
sançğa,1,سانچغا,1
yadğa,1,یادغا,1
timiş,1,تیمیش,1
yayılsa,1,یایېلسا,1
bulğaşur,1,بولغاشور,1
tuşur,1,توشور,1
tolumluğ,1,تۏلوملوغ,1
üküşte,1,اۆکۆشته,1
kulğakı,1,قولغاقې,1
tutğak,1,توتغاق,1
basğu,1,باسغو,1
kayıp,1,قایېپ,1
yapsa,1,یاپسا,1
ozup,1,اۏزوپ,1
yezekin,1,یئزه‌کین,1
ıçğınmasa,1,اېچغېنماسا,1
üküşin,1,اۆکۆشین,1
yolçılığ,1,یۏلچېلېغ,1
münügli,1,مۆنۆگلی,1
kamçılığ,1,قامچېلېغ,1
sançğuka,1,سانچغوقا,1
tolumdın,1,تۏلومدېن,1
iwinme,1,ایوینمه,1
yarıklan,1,یارېقلان,1
illeş,1,ایللش,1
arsık,1,آرسېق,1
iwinmegü,1,ایوینمه‌گۆ,1
tokışmak,1,تۏقېشماق,1
okış,1,اۏقېش,1
tokışığ,1,تۏقېشېغ,1
basınur,1,باسېنور,1
yalu,1,یالو,1
almasu,1,آلماسو,1
basıttıñ,1,باسېتتېڭ,1
busuğka,1,بوسوغقا,1
kigür,1,کیگۆر,1
tüşrüp,1,تۆشرۆپ,1
çerigke,1,چئریگکه,1
ilişse,1,ایلیشسه,1
tuşınça,1,توشېنچا,1
süñün,1,سۆڭۆن,1
tırñakın,1,تېرڭاقېن,1
iliş,1,ایلیش,1
sanç,1,سانچ,1
karışğan,1,قارېشغان,1
küden,1,کۆدن,1
sekirtıp,1,سیکیرتیپ,1
laçın,1,لاچېن,1
kowar,1,قۏوار,1
kanları,1,قانلارې,1
köpirtür,1,کؤپیرتۆر,1
izig,1,ایزیگ,1
sekirtür,1,سیکیرتۆر,1
öldrür,1,اؤلدرۆر,1
bodulur,1,بۏدولور,1
yarıklar,1,یارېقلار,1
kıp,1,قېپ,1
ğızıl,1,غېزېل,1
eñler,1,اڭلر,1
yap,1,یاپ,1
saçılsa,1,ساچېلسا,1
tepregil,1,تپره‌گیل,1
bulnukup,1,بولنوقوپ,1
kaçumaz,1,قاچوماز,1
muñuksa,1,موڭوقسا,1
yérge,1,ییرگه,1
edertçi,1,ائدرتچی,1
saçıtsa,1,ساچېتسا,1
udıtsa,1,اودېتسا,1
muñukmış,1,موڭوقمېش,1
öldrü,1,اؤلدرۆ,1
kedig,1,کئدیگ,1
atığ,1,آتېغ,1
balıkmış,1,بالېقمېش,1
emlet,1,ائملئت,0
yulu,1,یولو,1
karnuğnı,1,قارنوغنې,1
yawar,1,یاوار,1
kümüşni,1,کۆمۆشنی,1
yarñlığ,1,یارڭلېغ,1
itlıp,1,ایتلېپ,0
küwençke,1,کۆوَنچکه,1
teger,1,تیگر,1
örki,1,اؤرکی,1
öçirüm,1,اؤچیرۆم,1
hâcibığ,1,حاجبېغ,1
xxxi,1,خخخی,1
çınlık,1,چېنلېق,1
edgüsindin,1,ائدگۆسیندین,1
külünç,1,کۆلۆنچ,1
oñulmış,1,اۏڭولمېش,1
bütürmiş,1,بۆتۆرمیش,1
sermez,1,سرمز,1
tegimlig,1,تگیملیگ,1
mâlka,1,مالقا,1
muñadmaz,1,موڭادماز,1
bedüp,1,بدۆپ,1
üster,1,اۆستر,1
oduğluğ,1,اۏدوغلوغ,1
yığaçığ,1,یېغاچېغ,1
ünlüg,1,اۆنلۆگ,1
hışmeti,1,حشمتی,1
irinmez,1,ایرینمز,1
yémlenür,1,ییملنۆر,1
kupa,1,قوپا,1
körklügüg,1,کؤرکلۆگۆگ,1
yetîmke,1,یتیمکه,1
tetigdin,1,تتیگدین,1
alçakı,1,آلچاقې,1
ısığ,1,اېسېغ,1
kulakı,1,قولاقې,1
tapuğlarda,1,تاپوغلاردا,1
hâciblık-turur,1,حاجبلېق تورور,1
öıedi,1,اؤېئدی,0
alsu,1,آلسو,1
hâciblık,1,حاجبلېق,1
éltmez,1,ایلتمز,1
açğıçı,1,آچغېچې,1
tonçı,1,تۏنچې,1
‘âmil,1,عامل,1
konukları,1,قۏنوقلارې,1
açığsızka,1,آچېغسېزقا,1
uğrında,1,اوغرېندا,1
başlağu,1,باشلاغو,1
kıssaˆ,1,قېسساˆ,0
tıñlap,1,تېڭلاپ,1
mezâlim,1,مظالم,1
ötügçilerig,1,اؤتۆگچیلریگ,1
saklañu,1,ساقلاڭو,1
almasa,1,آلماسا,1
sikirtse,1,سیکیرتسه,1
yakurma,1,یاقورما,1
yumsa,1,یومسا,1
yazma,1,یازما,1
uşatur,1,اوشاتور,1
ötügde,1,اؤتۆگده,1
xxxii,1,خخخیی,1
tünüg,1,تۆنۆگ,1
batursa,1,باتورسا,1
oduğrak,1,اۏدوغراق,1
yağutğu,1,یاغوتغو,1
bekletip,1,بکلتیپ,1
turğaknı,1,تورغاقنې,1
tepretmese,1,تپرتمه‌سه,1
körnüp,1,کؤرنۆپ,1
kapuda,1,قاپودا,1
hılça,1,هېلچا,0
sözçisi,1,سؤزچیسی,1
ötgi,1,اؤتگی,1
tapnurı,1,تاپنورې,1
tapınmaz,1,تاپېنماز,1
tusuluğ,1,توسولوغ,1
isitse,1,ایسیتسه,1
kuruk,1,قوروق,1
kılınmış,1,قېلېنمېش,1
şireni,1,شیرئنی,0
toğru,1,تۏغرو,1
tirkini,1,تیرکینی,1
ületse,1,اۆلتسه,1
ilinde,1,ایلینده,1
törinde,1,تؤرینده,1
livi,1,لیوی,1
hâcibı,1,حاجبې,1
aşçıka,1,آشچېقا,1
tuğçıka,1,توغچېقا,1
kişçi,1,کیشچی,1
koldaşın,1,قۏلداشېن,1
adının,1,آدېنېن,1
otağı,1,اۏتاغې,1
körüñinçe,1,کؤرۆڭینچه,1
hâllerin,1,حاللارېن,1
oprakın,1,اۏپراقېن,1
muñadığlı,1,موڭادېغلې,1
tıdğu,1,تېدغو,1
tapuğsaklık,1,تاپوغساقلېق,1
tapu,1,تاپو,1
bekütür,1,بکۆتۆر,1
azğan,1,آزغان,1
yaslığ,1,یاسلېغ,1
biçer-men,1,بیچر من,1
açıtsa,1,آچېتسا,1
süñükke,1,سۆڭۆککه,1
sızığ,1,سېزېغ,1
büter,1,بۆتر,1
söner,1,سؤنر,1
açığı,1,آچېغې,1
atlanur,1,آتلانور,1
süke,1,سۆکه,1
teñsizlikin,1,تڭسیزلیکین,1
kuşta,1,قوشتا,1
süde,1,سۆده,1
yıratğu,1,یېراتغو,1
ériglerni,1,ایریگلرنی,1
soñın,1,سۏڭېن,1
yortmasa,1,یۏرتماسا,1
yortuğda,1,یۏرتوغدا,1
üdürsü,1,اۆدۆرسۆ,1
yalawaçlık,1,یالاواچلېق,1
karılatsa,1,قارېلاتسا,1
xxxiii,1,خخخییی,1
idğuka,1,ایدغوقا,1
üdründüsi,1,اۆدرۆندۆسی,1
yalawaçlar,1,یالاواچلار,1
öküşte,1,اؤکۆشته,1
biligligni,1,بیلیگلیگنی,1
baçka,1,باچقا,1
asığçı,1,آسېغچې,1
bağırda,1,باغېردا,1
yakınrak,1,یاقېنراق,1
suklar,1,سوقلار,1
bayka,1,بایقا,1
umduçısı,1,اومدوچېسې,1
bayutmaz,1,بایوتماز,1
boşlukı,1,بۏشلوقې,1
beglikindin,1,بگلیکیندین,1
kutadsunı,1,قوتادسونې,1
koşar,1,قۏشار,1
nücûm,1,نجوم,1
tıb,1,طب,0
yormışı,1,یۏرمېشې,1
misâhat,1,مساحت,1
nerd,1,نرد,1
şatranc,1,شطرنج,1
harîfleri,1,حریفلری,1
ozuk,1,اۏزوق,1
hatnı,1,خطنی,1
satsalar,1,ساتسالار,1
utsa,1,اوتسا,1
ayuk,1,آیوق,1
ukmasa,1,اوقماسا,1
egip,1,اگیپ,1
ukğan,1,اوقغان,1
hâzır,1,حاضر,1
soksa,1,سۏقسا,1
çıkrur,1,چېقرور,1
çıkmış,1,چېقمېش,1
içtiñ,1,ایچتیڭ,1
esürgü,1,اسۆرگۆ,1
unıtmasa,1,اونېتماسا,1
yalawaçlıkın,1,یالاواچلېقېن,1
bititse,1,بیتیتسه,1
xxxiv,1,خخخیو,1
yorayın,1,یۏرایېن,1
köñülteki,1,کؤڭۆلته‌کی,1
bitigçike,1,بیتیگچیکه,1
bütünlükke,1,بۆتۆنلۆککه,1
açmak,1,آچماق,1
awağları,1,آواغلارې,1
tutzu,1,توتزو,1
ınançı,1,اېنانچې,1
kizlemese,1,کیزله‌مه‌سه,1
misâli,1,مثالی,1
üñür,1,اۆڭۆر,1
sehar,1,سحر,0
tirgüsüz,1,تیرگۆسۆز,1
örtgüsüz,1,اؤرتگۆسۆز,1
çıkarmağu,1,چېقارماغو,1
öndi,1,اؤندی,1
teñeşse,1,تڭشسه,1
bitinmiş,1,بیتینمیش,1
bitimedi,1,بیتیمه‌دی,1
erdiñe,1,ایردیڭه,1
ozakığ,1,اۏزاقېغ,1
bütgey,1,بۆتگَی,1
ıdğu,1,اېدغو,1
sözleyür,1,سؤزله‌یۆر,1
bitigçi-turur,1,بیتیگچی تورور,1
itgen,1,ایتگن,1
kirişin,1,کیریشین,1
bardaçı,1,بارداچې,1
baslur,1,باسلور,1
tamuzsa,1,تاموزسا,1
kalemde,1,قلمده,1
tamsa,1,تامسا,1
iki-turur,1,ایکی تورور,1
koltğusuz,1,قۏلتغوسوز,1
suklanmaz,1,سوقلانماز,1
arsıkmaz,1,آرسېقماز,1
tiledükte,1,تیله‌دۆکته,1
kılınçığ,1,قېلېنچېغ,1
tezigli,1,تیزیگلی,1
bitigdin,1,بیتیگدین,1
neçede,1,نیچه‌ده,1
éşig,1,ایشیگ,1
yakında,1,یاقېندا,1
yağukta,1,یاغوقتا,1
xxxv,1,خخخو,1
ağiçi,1,آغیچی,1
yaymasa,1,یایماسا,1
şartlar,1,شرطلار,1
tezginip,1,تیزگینیپ,1
neñeke,1,نڭه‌که,1
kedrek,1,کئدره‌ک,0
egilmez,1,اگیلمز,1
yéglemez,1,ییگله‌مز,1
kulun,1,قولون,1
üler,1,اۆلر,1
örtemez,1,اؤرته‌مز,1
sanu,1,سانو,1
unıtğan,1,اونېتغان,1
sakışığ,1,ساقېشېغ,1
adırtlığ,1,آدېرتلېغ,1
bitigsiz,1,بیتیگسیز,1
bérdükinde,1,بیردۆکینده,1
bışursa,1,بېشورسا,1
sakışında,1,ساقېشېندا,1
yarır,1,یارېر,1
köküg,1,کؤکۆگ,1
biçim,1,بیچیم,1
itnümez,1,ایتنۆمز,1
yalını,1,یالېنې,1
örklese,1,اؤرکله‌سه,1
endam,1,اندام,1
endâm,1,اندام,1
udar,1,اودار,1
yodar,1,یۏدار,1
saçılmasa,1,ساچېلماسا,1
kodmağu,1,قۏدماغو,1
tawarığ,1,تاوارېغ,1
ağırın,1,آغېرېن,1
uçuzun,1,اوچوزون,1
kıymet,1,قیمت,1
arsıkmasa,1,آرسېقماسا,1
satığda,1,ساتېغدا,1
tawığda,1,تاوېغدا,1
alsıkmasa,1,آلسېقماسا,1
ötnü,1,اؤتنۆ,1
bérgeler,1,بیرگه‌لر,1
satığka,1,ساتېغقا,1
alıñıl,1,آلېڭېل,1
tıdıp,1,تېدېپ,1
ayıp,1,آیېپ,1
tıdmağu,1,تېدماغو,1
kötrülür,1,کؤترۆلۆر,1
kotrulur,1,قۏترولور,1
uzak,1,اوزاق,1
kerekinde,1,کیرکینده,1
tilemişte,1,تیله‌میشته,1
cânında,1,جانېندا,1
ters-turur,1,ترس تورور,1
xxxvi,1,خخخوی,1
başçi,1,باشچې,1
hvân,1,هوان,0
sâlâr,1,سالار,1
yigü,1,ییگۆ,1
açınmış,1,آچېنمېش,1
açımaz,1,آچېماز,1
kiç,1,کیچ,1
yélür,1,ییلۆر,1
‘azîzrek,1,عزیزراق,1
bodluğ,1,بۏدلوغ,1
karığ,1,قارېغ,1
sewmiş-turur,1,سئومیش تورور,1
bülün,1,بۆلۆن,1
tüzümez,1,تۆزۆمز,1
tirkisi,1,تیرکیسی,1
tünermez,1,تۆنرمز,1
suğlur,1,سوغلور,1
ériglig,1,ایریگلیگ,1
tıdusa,1,تېدوسا,1
tüzüni,1,تۆزۆنی,1
erser,1,ایرسر,1
kıyar,1,قېیار,1
bulmışın,1,بولمېشېن,1
xxxvii,1,خخخویی,1
könitmiş,1,کؤنیتمیش,1
güvâriş,1,گوارش,1
ma‘cûn,1,معجون,1
katar,1,قاتار,1
yalğağu,1,یالغاغو,1
ağızka,1,آغېزقا,1
küdezmedi,1,کۆدزمه‌دی,1
ermese,1,ایرمه‌سه,1
ulun,1,اولون,1
yégim,1,ییگیم,1
yakurmasa,1,یاقورماسا,1
otlarığ,1,اۏتلارېغ,1
katğu,1,قاتغو,1
idişin,1,ایدیشین,1
otrü,1,اۏترۆ,1
cânınıñ,1,جانېنېڭ,1
siligler,1,سیلیگلر,1
sewgü,1,سئوگۆ,1
yüdürse,1,یۆدۆرسه,1
boşğutları,1,بۏشغوتلارې,1
béli,1,بیلی,1
yılmık,1,یېلمېق,1
yarnı,1,یارنې,1
kırtış,1,قېرتېش,1
aşağu,1,آشاغو,1
yamığ,1,یامېغ,1
idişte,1,ایدیشته,1
körglüg,1,کؤرگلۆگ,1
usup,1,اوسوپ,1
susamış,1,سوسامېش,1
kanğusuz,1,قانغوسوز,1
tutğuçılar,1,توتغوچېلار,1
tokır,1,تۏقېر,1
talulayu,1,تالولایو,1
üdrü,1,اۆدرۆ,1
tutuzğıl,1,توتوزغېل,1
kötürmese,1,کؤتۆرمه‌سه,1
kéñeşte,1,کیڭشته,1
yünçü,1,یۆنچۆ,1
üke,1,اۆکه,1
adakşu,1,آداقشو,1
imînde,1,ایمنده,1
nı,1,نې,1
çawın,1,چاوېن,1
tıñlar,1,تېڭلار,1
teriz,1,تیریز,1
éligdin,1,ایلیگدین,1
yokmu,1,یۏقمو,1
xxxviii,1,خخخوییی,1
tapuğçilar,1,تاپوغچیلار,1
haki,1,حقی,1
itiglerin,1,ایتیگلرین,1
biliñ,1,بیلیڭ,1
beginiñ,1,بگینیڭ,1
tünni,1,تۆننی,1
açıñu,1,آچېڭو,1
tapınmış,1,تاپېنمېش,1
yılkıda,1,یېلقېدا,1
yılkınıñ,1,یېلقېنېڭ,1
kitermese,1,کیترمه‌سه,1
kuldın,1,قولدېن,1
yurnıña,1,یورنېڭا,1
bilmegüçi,1,بیلمه‌گۆچی,1
emgekin,1,امگکین,1
yulğu,1,یولغو,1
kulça,1,قولچا,1
kapuğı,1,قاپوغې,1
alığlı,1,آلېغلې,1
yomdarur,1,یۏمدارور,1
ulaşur,1,اولاشور,1
ortuk,1,اۏرتوق,1
uluşlar,1,اولوشلار,1
tegim,1,تگیم,1
kılğuçığ,1,قېلغوچېغ,1
kezgen,1,کزگن,1
oğulnı,1,اۏغولنې,1
asığka,1,آسېغقا,1
kanatı,1,قاناتې,1
yügi,1,یۆگی,1
kanatsız,1,قاناتسېز,1
uçmaz,1,اوچماز,1
sâhib-kırân,1,صاحب قېران,1
erdem,1,اردم,1
ajunçıka,1,آژونچېقا,1
erdemni,1,اردمنی,1
karıtmış,1,قارېتمېش,1
uruğı,1,اوروغې,1
küwenmez,1,کۆوَنمز,1
ülegüke,1,اۆله‌گۆکه,1
yorıtsu,1,یۏرېتسو,1
köçse,1,کؤچسه,1
kümüşüg,1,کۆمۆشۆگ,1
çok,1,چۏق,1
ajunnuñ,1,آژوننوڭ,1
yakışmaz,1,یاقېشماز,1
yağumaz,1,یاغوماز,1
akığ,1,آقېغ,1
sarandın,1,ساراندېن,1
akıka,1,آقېقا,1
beklegü,1,بکله‌گۆ,1
erenlerde,1,اَرَنلرده,1
teşlür,1,تئشلۆر,1
türtse,1,تۆرتسه,1
artlap,1,آرتلاپ,1
söküşi,1,سؤکۆشی,1
katığlık,1,قاتېغلېق,1
sığıñu,1,سېغېڭو,1
tapnuğay-men,1,تاپنوغای من,1
işime,1,ایشیمه,1
yaşıma,1,یاشېما,1
ögmişe,1,اؤگمیشه,1
tapınduñ,1,تاپېندوڭ,1
açığda,1,آچېغدا,1
yetürdüñ,1,یئتۆردۆڭ,1
serindi,1,سریندی,1
tapuğçısı,1,تاپوغچېسې,1
koyuldı,1,قۏیولدې,1
körli,1,کؤرلی,1
öñ,1,اؤڭ,1
feylesûfı,1,فیلسوفې,1
tıldam,1,تېلدام,1
öñdüsi,1,اؤڭدۆسی,1
taşını,1,تاشېنې,1
keldrür,1,کلدرۆر,1
keldürmişin,1,کلدۆرمیشین,1
tünerig,1,تۆنریگ,1
aşunğıl,1,آشونغېل,1
koldaçı,1,قۏلداچې,1
top,1,تۏپ,1
‘ukbîni,1,عقبی‌نی,1
kodğay,1,قۏدغای,1
tezginük,1,تیزگینۆک,1
öyükke,1,اؤیۆککه,1
kirigli,1,کیریگلی,1
üyüldi,1,اۆیۆلدی,1
tartğıl,1,تارتغېل,1
öyüktin,1,اؤیۆکتین,1
kutul,1,قوتول,1
turuk,1,توروق,0
yawrıdı,1,یاورېدې,1
toklı,1,تۏقلې,1
çığaymu,1,چېغایمو,1
tillerinde,1,تیللرینده,1
münümmü,1,مۆنۆممۆ,1
devletinde,1,دَولتینده,1
yilgütür,1,ییلگۆتۆر,1
akıttıñ,1,آقېتتېڭ,1
udıttı,1,اودېتتې,1
küçek,1,کۆچک,1
yügürdeçi,1,یۆگۆرده‌چی,1
kul-men,1,قول من,1
tegürdüñ,1,تگۆردۆڭ,1
boynum,1,بۏینوم,1
şükrüğ,1,شۆکرۆغ,1
öte,1,اؤته,1
bulmışım,1,بولمېشېم,1
küçüg,1,کۆچۆگ,1
tıdğuka,1,تېدغوقا,1
katığlansa,1,قاتېغلانسا,1
elim,1,ائلیم,1
kalap,1,قالاپ,1
esirker-men,1,اسیرکر من,1
atañdın,1,آتاڭدېن,1
yalñuzlukuñka,1,یالڭوزلوقوڭقا,1
tegmegey,1,تگمه‌گَی,1
udğu,1,اودغو,1
inçrünü,1,اینچرۆنۆ,1
tınçrunu,1,تېنچرونو,1
emgerimke,1,امگریمکه,1
kılmasu,1,قېلماسو,1
yanaşu,1,یاناشو,1
bodur,1,بۏدور,1
emletür,1,املتۆر,1
tınğa,1,تېنغا,1
tayanğay,1,تایانغای,1
yakru,1,یاقرو,1
okılım,1,اۏقېلېم,1
bitigmü,1,بیتیگمۆ,1
barını,1,بارېنې,1
açılmaz,1,آچېلماز,1
sarılğaymu,1,سارېلغایمو,1
ileñeymü,1,ایلڭَیمۆ,1
ileñü,1,ایلڭۆ,1
tidüküñ,1,تیدۆکۆڭ,1
ârzûladım,1,آرزولادېم,1
adaşlığ,1,آداشلېغ,1
üdrüp,1,اۆدرۆپ,1
bitisü,1,بیتیسۆ,1
okısu,1,اۏقېسو,1
ılığ,1,اېلېغ,1
turmasu,1,تورماسو,1
üilig,1,اۆیلیگ,1
awlar,1,آولار,1
ağ,1,آغ,1
xxxix,1,خخخیخ,1
teprerig,1,تپرریگ,1
takdîr,1,تقدیری,1
inçlikin,1,اینچلیکین,1
yañıñ,1,یاڭېڭ,1
yitürmiş,1,ییتۆرمیش,1
ewürmiş,1,ائوۆرمیش,1
kirmiş,1,کیرمیش,1
adaşlar,1,آداشلار,1
yaraşıklık,1,یاراشېقلېق,1
kılğalı,1,قېلغالې,1
ögretigli,1,اؤگره‌تیگلی,1
tapuğlarka,1,تاپوغلارقا,1
yakğıl,1,یاقغېل,1
kılmışında,1,قېلمېشېندا,1
azlağu,1,آزلاغو,1
azladı,1,آزلادې,1
körmesü,1,کؤرمه‌سۆ,1
açılsu,1,آچېلسو,1
ögsüzüg,1,اؤگسۆزۆگ,1
tulsakığ,1,تولساقېغ,1
oldrum,1,اۏلدروم,1
aksakığ,1,آقساقېغ,1
farîzaˆ,1,فریضه,1
hacı,1,حاجی,1
âdînaˆ,1,آدینه,1
samış,1,سامېش,1
tâ‘at-turur,1,طاعت تورور,1
râhat-turur,1,راحت تورور,1
asğıñ-turur,1,آسغېڭ تورور,1
süçıp,1,سۆچېپ,1
tusulğan,1,توسولغان,1
ölgen,1,اؤلگن,1
bulumadı,1,بولومادې,1
sewinçiñe,1,سئوینچیڭه,1
mecâz,1,مجاز,1
tâ‘atim,1,طاعتیم,1
kullukuñ,1,قوللوقوڭ,1
kör-men,1,کؤر من,1
yülegil,1,یۆله‌گیل,1
inini,1,اینینی,1
edgeke,1,ائدگه‌که,1
bilgeleri,1,بیلگه‌لری,1
ansız,1,آنسېز,1
tutuzma,1,توتوزما,1
tutzayın,1,توتزایېن,1
igdilmişe,1,ایگدیلمیشه,1
yakurdı,1,یاقوردې,1
küdı,1,قۆدې,1
zülfi,1,زلفی,1
tesbîh,1,تسبیح,1
küdti,1,کۆدتی,1
tüme,1,تۆمه,1
öşün,1,اؤشۆن,1
xl,1,خل,1
ederledi,1,ائدرله‌دی,1
atındın,1,آتېندېن,1
kuçuştı,1,قوچوشتې,1
kigürdi,1,کیگۆردی,1
ögüp,1,اؤگۆپ,1
ulasa,1,اولاسا,1
ğâyib,1,غایب,1
kadaşların,1,قاداشلارېن,1
bağın,1,باغېن,1
küser,1,کۆسر,1
kelgüke,1,کلگۆکه,1
şükrin,1,شُکرین,1
üdlekig,1,اۆدلَکیگ,1
barmış,1,بارمېش,1
kawuştum,1,قاووشتوم,1
xli,1,خلی,1
ulamış,1,اولامېش,1
kodrna,1,قۏدرنا,1
ilek,1,ایلک,1
kendni,1,کندنی,1
yatğurmadı,1,یاتغورمادې,1
umadı,1,اومادې,1
törütmedi,1,تؤرۆتمه‌دی,1
aymadı,1,آیمادې,1
‘adâbığ,1,آدابېغ,1
yaklık,1,یاقلېق,1
kadğuların,1,قادغولارېن,1
yémese,1,ییمه‌سه,1
dînim,1,دینیم,1
yapmağınça,1,یاپماغېنچا,1
boyunın,1,بۏیونېن,1
sığu,1,سېغو,1
bire,1,بیره,1
tutğun,1,توتغون,1
ğîbet,1,غیبت,1
yalñuz-turur,1,یالڭوز تورور,1
tüdürmedim,1,تۆدۆرمه‌دیم,1
‘adli,1,عدلی,1
körmegeyler,1,کؤرمه‌گَیلر,1
yasığ,1,یاسېغ,1
takdîri,1,تقدیری,1
yaratsa,1,یاراتسا,1
yaratmasa,1,یاراتماسا,1
atamasa,1,آتاماسا,1
yalñuzlukumdın,1,یالڭوزلوقومدېن,1
işsiz,1,ایشسیز,1
tutı,1,توتې,1
kalılğu,1,قالېلغو,1
kesildim,1,کسیلدیم,1
andağ-turur,1,آنداغ تورور,1
tıldağ-turur,1,تېلداغ تورور,1
kesmegüke,1,کسمه‌گۆکه,1
atama,1,آتاما,1
unıtğay,1,اونېتغای,1
karğışın,1,قارغېشېن,1
sökge,1,سؤکگه,1
yaska,1,یاسقا,1
oyuğ,1,اۏیوغ,1
otra,1,اۏترا,1
kimesi,1,کیمه‌سی,1
sınur,1,سېنور,1
suwda,1,سوودا,1
suyurkağu,1,سویورقاغو,1
isizi,1,ایسیزی,1
‘iyâldın,1,عیالدېن,0
yañan,1,یاڭان,1
tutuñu,1,توتوڭو,1
yüdmekiñ,1,یۆدمکیڭ,1
sakışı-turur,1,ساقېشې تورور,1
sınmasu,1,سېنماسو,1
isigke,1,ایسیگکه,1
erir,1,ایریر,1
soğukka,1,سۏغوققا,1
toñar,1,تۏڭار,1
yañanka,1,یاڭانقا,1
ısırsa,1,اېسېرسا,1
yañanığ,1,یاڭانېغ,1
suçıtur,1,سوچېتور,1
tükemiş,1,تۆکه‌میش,1
düşmânım,1,دشمنیم,1
korkayın,1,قۏرقایېن,1
bulmağıl,1,بولماغېل,1
tüzünke,1,تۆزۆنکه,1
karılsa,1,قارېلسا,1
tuyur,1,تویور,1
odğurğuçı,1,اۏدغورغوچې,1
bildürgüçi,1,بیلدۆرگۆچی,1
tegşıp,1,تگشیپ,1
kopmaz,1,قۏپماز,1
düşmânı,1,دشمنی,1
miñer,1,میڭر,1
börimü,1,بؤریمۆ,1
ıtta,1,اېتتا,1
kayar,1,قایار,1
işitse,1,ایشیتسه,1
itler,1,ایتلر,1
soñdamaz-men,1,سۏڭداماز من,1
tulsa,1,تولسا,1
yüdürmese,1,یۆدۆرمه‌سه,1
keklerin,1,ککلرین,1
ağrır,1,آغرېر,1
tüzünler,1,تۆزۆنلر,1
kılğuçıkakılu,1,قېلغوچېقاقېلو,1
sabrı,1,صبری,1
körmediñ,1,کؤرمه‌دیڭ,1
bulmadıñ,1,بولمادېڭ,1
sabırda,1,صبرده,1
bulmaz-turur,1,بولماز تورور,1
ülep,1,اۆله‌پ,1
bamasa,1,باماسا,1
ağrıp,1,آغرېپ,1
üstese,1,اۆسته‌سه,1
yakar,1,یاقار,1
ol-turur,1,اۏل تورور,1
éltgüke,1,ایلتگۆکه,1
körüngü,1,کؤرۆنگۆ,1
muyanka,1,مویانقا,1
yulur,1,یولور,1
beglig,1,بگلیگ,1
kurıtmaz,1,قورېتماز,1
adaşlı,1,آداشلې,1
kadaşlı,1,قاداشلې,1
timekte,1,تیمکته,1
ayğa,1,آیغا,1
kéñeşmegü,1,کیڭشمه‌گۆ,1
teñsiz-turur,1,تڭسیز تورور,1
taplamış,1,تاپلامېش,1
gözler,1,گؤزلر,1
kişisiz,1,کیشیسیز,1
tirilme,1,تیریلمه,1
téler,1,تیلر,1
korkmağıl,1,قۏرقماغېل,1
xlii,1,خلیی,1
dünyâniñ,1,دنیانېڭ,1
körünmiş,1,کؤرۆنمیش,1
sewügke,1,سئوۆگکه,1
erdemke,1,اردمکه,1
‘aybını,1,عیبنی,1
kınadı,1,قېنادې,1
arıñu,1,آرېڭو,1
kılındı,1,قېلېندې,1
yirmişi,1,ییرمیشی,1
sewüp,1,سئوۆپ,1
salmışı,1,سالمېشې,1
arıtur,1,آرېتور,1
télvesi,1,تیلوه‌سی,1
itesi,1,ایته‌سی,1
kötkisi,1,کؤتکیسی,1
térmek,1,تیرمک,1
ölümke-turur,1,اؤلۆمکه تورور,1
küdür,1,کۆدۆر,1
adırmaz,1,آدېرماز,1
üdürmez,1,اۆدۆرمز,1
yégig,1,ییگیگ,1
beglenür,1,بگلنۆر,1
okıyu-turur,1,اۏقېیو تورور,1
edrer,1,ائدرر,1
ederür,1,ائدرۆر,1
öçlüg,1,اؤچلۆگ,1
itinmiş,1,ایتینمیش,1
yéñ,1,ییڭ,1
tiriğlik,1,تیریگلیک,1
işletse,1,ایشلتسه,1
halâlka,1,حلالقا,1
igdıp,1,ایگدیپ,1
tegürgme,1,تگۆرگمه,1
baylıkıñ,1,بایلېقېڭ,1
çığaylık-turur,1,چېغایلېق تورور,1
öçüñni,1,اؤچۆڭنی,1
buzulğu-turur,1,بوزولغو تورور,1
itilmişleriñ,1,ایتیلمیشلریڭ,1
saçılğu-turur,1,ساچېلغو تورور,1
yumıtmışlarıñ,1,یومېتمېشلارېڭ,1
barığlıka,1,بارېغلېقا,1
keliglike,1,کلیگلیکه,1
itnür,1,ایتنۆر,1
sewinmez,1,سئوینمز,1
awınmaz,1,آوېنماز,1
bedel,1,بدل,1
ebdâl,1,ابدال,1
saçılmış,1,ساچېلمېش,1
meñe,1,مڭه,1
işindin,1,ایشیندین,1
serimsiz,1,سریمسیز,1
tattıñ,1,تاتتېڭ,1
tüşneki,1,تۆشنه‌کی,1
tatığları,1,تاتېغلارې,1
teñ-turur,1,تڭ تورور,1
tatğıñ,1,تاتغېڭ,1
ernek,1,ارنَک,1
boğuzka-turur,1,بۏغوزقا تورور,1
karnıñ,1,قارنېڭ,1
sakı,1,ساقې,1
kız-turur,1,قېز تورور,1
şuhbet,1,شوهبئت,0
tatığsız-turur,1,تاتېغسېز تورور,1
tegürmesü,1,تگۆرمه‌سۆ,1
tezginür-men,1,تیزگینۆر من,1
bulak,1,بولاق,1
semrise,1,سمریسه,1
yügürmez,1,یۆگۆرمز,1
barmaz-turur,1,بارماز تورور,1
tiki,1,تیکی,1
tükeli,1,تۆکه‌لی,1
öçürmek,1,اؤچۆرمک,1
sâ‘atın,1,ساعتین,1
öçürse,1,اؤچۆرسه,1
todmak,1,تۏدماق,1
üyür,1,اۆیۆر,1
aç-turur,1,آچ تورور,1
şekerlig,1,شَکَرلیگ,1
ni‘meti,1,نعمتی,1
tâkatı,1,طاقتی,1
yattımız,1,یاتتېمېز,1
sâ‘atı,1,ساعتی,1
térgeli,1,تیرگه‌لی,1
uluñnı,1,اولوڭنې,1
bıçar,1,بېچار,1
öñüke,1,اؤڭۆکه,1
önse,1,اؤنسه,1
sakalıñ,1,ساقالېڭ,1
kumka,1,قومقا,1
sakığ><ol,1,ساقېغ اۏل,1
közüñde,1,کؤزۆڭده,1
egme,1,اگمه,1
tünki,1,تۆنکی,1
keçermü,1,کئچرمۆ,1
keçürgü,1,کئچۆرگۆ,1
ünüñ,1,اۆنۆڭ,1
butını,1,بوتېنې,1
sıdım,1,سېدېم,1
nefsim,1,نفسیم,1
yuluğlı,1,یولوغلې,1
tuzakı,1,توزاقې,1
yençip,1,یئنچیپ,1
bulnı,1,بولنې,1
xliii,1,خلییی,1
cukbî,1,جوقبی,0
kazğañusın,1,قازغاڭوسېن,1
‘adâbı,1,آدابې,1
‘adâbka,1,آدابقا,1
kork,1,قۏرق,1
kesgey,1,کسگَی,1
biriniñ,1,بیرینیڭ,1
‘ukbîka,1,عقبی‌قا,1
toduğlı,1,تۏدوغلې,1
neñdin,1,نڭدین,1
unmazı,1,اونمازې,1
ağruk,1,آغروق,1
‘adliñe,1,عدلیڭه,1
tegnü,1,تگنۆ,1
havfnı,1,خَوفنی,1
sarayka,1,سارایقا,1
havf,1,خوف,1
kesmegü,1,کسمه‌گۆ,1
yasmağu,1,یاسماغو,1
uçuzluktın,1,اوچوزلوقتېن,1
yawuzı,1,یاووزې,1
bilmişimni,1,بیلمیشیمنی,1
uzatıp,1,اوزاتېپ,1
tusğı,1,توسغې,1
salâhı,1,صلاحې,1
sewüglerke,1,سئوۆگلرکه,1
sawım,1,ساوېم,1
ulanmış,1,اولانمېش,1
körüşmek,1,کؤرۆشمک,1
vefâsın,1,وفاسېن,1
orlam,1,اۏرلام,1
küçemez-men,1,کۆچه‌مز من,1
sözleyük,1,سؤزله‌یۆک,1
bitigil,1,بیتیگیل,1
xliv,1,خلیو,1
kağad,1,کاغذ,1
bérig,1,بیریگ,1
birliki,1,بیرلیکی,1
okşağ,1,اۏقشاغ,1
tilemişke,1,تیله‌میشکه,1
titigsig,1,تیتیگسیگ,1
töritti,1,تؤریتتی,1
kodısı,1,قۏدېسې,1
örüsi,1,اؤرۆسی,1
sözlerig,1,سؤزلریگ,1
va‘deˆ,1,وعده,1
açığlar,1,آچېغلار,1
taplamaz-men,1,تاپلاماز من,1
tapnumasa,1,تاپنوماسا,1
yarumağa,1,یاروماغا,1
bekledim,1,بکله‌دیم,1
yéyim,1,ییییم,1
eksük,1,اکسۆک,1
igidgey,1,ایگیدگَی,1
esirkemedi,1,اسیرکه‌مه‌دی,1
baylıkım,1,بایلېقېم,1
yumıtğu,1,یومېتغو,1
kullarımız,1,قوللارېمېز,1
kurumız,1,قورومېز,1
tapuğçıkatapsa,1,تاپوغچېقاتاپسا,1
toduğlıka,1,تۏدوغلېقا,1
itneyin,1,ایتنه‌یین,1
yetmese,1,یئتمه‌سه,1
artuklukuñ,1,آرتوقلوقوڭ,1
küdezmişi,1,کۆدزمیشی,1
küdezümegey,1,کۆدزۆمه‌گَی,1
todmağınça,1,تۏدماغېنچا,1
mini,1,مینی,1
tepremedin,1,تپره‌مه‌دین,1
eşitür,1,ائشیتۆر,1
kapuğçı,1,قاپوغچې,1
yazsa-men,1,یازسا من,1
keçürmege,1,کئچۆرمگه,1
arkasızka,1,آرقاسېزقا,1
tayançım,1,تایانچېم,1
awınçım,1,آوېنچېم,1
rahmetiñde,1,رحمتیڭده,1
kınasa,1,قېناسا,1
otun-men,1,اۏتون من,1
orunçak-turur,1,اۏرونچاق تورور,1
orunçak,1,اۏرونچاق,1
keçimlig-turur,1,کئچیملیگ تورور,1
süçinip,1,سۆچینیپ,1
oğluñ,1,اۏغلوڭ,1
kızıñ,1,قېزېڭ,1
ölüglig,1,اؤلۆگلیگ,1
eşüñey,1,ائشۆڭَی,1
barağay,1,باراغای,1
idimke,1,ایدیمکه,1
tapıp,1,تاپېپ,1
artukum,1,آرتوقوم,1
sukum,1,سوقوم,1
odundum,1,اۏدوندوم,1
boğuzum,1,بۏغوزوم,1
yéyimçe,1,ییییمچه,1
kedimçe,1,کدیمچه,1
eginde,1,ایگینده,1
bolurça,1,بۏلورچا,1
yégümni,1,ییگۆمنی,1
küdügdin,1,کۆدۆگدین,1
adakını,1,آداقېنې,1
tutğınça,1,توتغېنچا,1
yakañnı,1,یاقاڭنې,1
yumıtmış-turur,1,یومېتمېش تورور,1
sarılma,1,سارېلما,1
ötüñey,1,اؤتۆڭئی,1
soz,1,سۏز,1
eşitsün,1,ائشیتسۆن,1
yañzap,1,یاڭزاپ,1
kıymasa,1,قېیماسا,1
ilçi-turur,1,ایلچی تورور,1
bitidiñ,1,بیتیدیڭ,1
sézikim,1,سیزیکیم,1
yanamu,1,یانامو,1
emgetip,1,امگتیپ,1
yorımağu,1,یۏرېماغو,1
tegmegü,1,تگمه‌گۆ,1
yanıp,1,یانېپ,1
yumuldı,1,یومولدې,1
erdini,1,اردینی,1
keltür,1,کلتۆر,1
kelürmü,1,کلۆرمۆ,1
külçirip,1,کۆلچیریپ,1
çiknemiş,1,چیکنه‌میش,1
çoğlamış,1,چۏغلامېش,1
sözçe,1,سؤزچه,1
komıdı,1,قۏمېدې,1
eşitmegüm,1,ائشیتمه‌گۆم,1
sığurdum,1,سېغوردوم,1
ilimde,1,ایلیمده,1
yanarda,1,یاناردا,1
bérmegey,1,بیرمه‌گَی,1
éltgey,1,ایلتگَی,1
tüñüldürdi,1,تۆڭۆلدۆردی,1
yobatma,1,یۏباتما,1
yorıtmasa,1,یۏرېتماسا,1
tilektin,1,تیلَکتین,1
erseni,1,ایرسه‌نی,1
köriglüm,1,کؤریگلۆم,1
emlegüçi,1,امله‌گۆچی,1
oñlur,1,اۏڭلور,1
tirilsün,1,تیریلسۆن,1
ökündürdi,1,اؤکۆندۆردی,1
évme,1,ایومه,1
sézinmedim,1,سیزینمه‌دیم,1
kelmegüsin,1,کلمه‌گۆسین,1
onar,1,اۏنار,1
bolsa-men,1,بۏلسا من,1
bütsüni,1,بۆتسۆنی,1
tanığlı,1,تانېغلې,1
ârzûñ,1,آرزوڭ,1
ündegil,1,اۆنده‌گیل,1
xlv,1,خلو,1
kâğad,1,کاغذ,1
hükmî,1,حُکمی,1
egrike,1,اگریکه,1
katıksız,1,قاتېقسېز,1
karıksız,1,قارېقسېز,1
yokuğ,1,یۏقوغ,1
negüg,1,نه‌گۆگ,1
biliglisi,1,بیلیگلیسی,1
tıdığlısı,1,تېدېغلېسې,1
işleriñe,1,ایشلریڭه,1
aytığ,1,آیتېغ,1
kadaşıñnı-men,1,قاداشېڭنې من,1
taplamaduk,1,تاپلامادوق,1
tuşmaku,1,توشماقو,1
körmekiñ,1,کؤرمکیڭ,1
kadaşu,1,قاداشو,1
bitigniñ,1,بیتیگنیڭ,1
kaçurmağıl,1,قاچورماغېل,1
süçigrek,1,سۆچیگره‌ک,1
ağuda,1,آغودا,1
kılmışıñ,1,قېلمېشېڭ,1
ülgüñ,1,اۆلگۆڭ,1
açılmasa,1,آچېلماسا,1
yağımu,1,یاغېمو,1
bilemü,1,بیله‌مۆ,1
oprak,1,اۏپراق,1
kelmedük,1,کلمه‌دۆک,1
tenîn,1,تنین,1
bérğıl,1,بیرغېل,1
muñda,1,موڭدا,1
esti,1,اَستی,1
kurıttı,1,قورېتتې,1
hatığ,1,خطېغ,0
işe,1,ایشه,1
öçükmiş,1,اؤچۆکمیش,1
etekin,1,اته‌کین,1
tekin,1,تکین,1
kelmediñ,1,کلمه‌دیڭ,1
küçeyü,1,کۆچه‌یۆ,1
altunuğ,1,آلتونوغ,1
buşmağıl,1,بوشماغېل,1
odğurmiş,1,اۏدغورمیش,1
ederdi,1,ائدردی,1
xlvi,1,خلوی,1
iligniñ,1,ایلیگنیڭ,1
ésiz,1,ایسیز,1
uluşta,1,اولوشتا,1
tirlü,1,تیرلۆ,1
iletse,1,ایلتسه,1
eñin,1,اڭین,1
yolçısı,1,یۏلچېسې,1
emçisi,1,امچیسی,1
hac,1,حج,1
ğâzîlık,1,غازیلېق,1
yitürdi,1,ییتۆردی,1
içre-turur,1,ایچره تورور,1
bilümese,1,بیلۆمه‌سه,1
tâ‘atığ,1,طاعتېغ,1
yartlığ,1,یارتلېغ,1
kön,1,کؤن,1
köndür,1,کؤندۆر,1
muñadturduñ,1,موڭادتوردوڭ,1
yıramış-turur,1,یېرامېش تورور,1
yapılmış-turur,1,یاپېلمېش تورور,1
küçer,1,کۆچر,1
tüzgüke,1,تۆزگۆکه,1
tikildi,1,تیکیلدی,1
süzgüke,1,سۆزگۆکه,1
ilçisi,1,ایلچیسی,1
basğuçıkakerek,1,باسغوچېقا کیرک,1
tokuluğ,1,تۏقولوغ,1
ürsemiz,1,اۆرسه‌میز,1
buzsamız,1,بوزسامېز,1
yutar,1,یوتار,1
bıçuk,1,بېچوق,1
toğma,1,تۏغما,1
muñkarur,1,موڭقارور,1
kirürmü,1,کیرۆرمۆ,1
tıñlayın,1,تېڭلایېن,1
añlayın,1,آڭلایېن,1
törüni,1,تؤرۆنی,1
tokularnı,1,تۏقولارنې,1
atayu,1,آتایو,1
biçe,1,بیچه,1
tıldama,1,تېلداما,1
xlvii,1,خلویی,1
edgüreki,1,ائدگۆره‌کی,1
bışığlığ,1,بېشېغلېغ,1
kılınğu,1,قېلېنغو,1
yumuşka,1,یوموشقا,1
tapuğuğ,1,تاپوغوغ,1
tege,1,تگه,1
törçise,1,تؤرچیسه,1
yararın,1,یارارېن,1
ötügke,1,اؤتۆگکه,1
tamğaçı,1,تامغاچې,1
ulansa,1,اولانسا,1
aynu,1,آینو,1
özñni,1,اؤزڭنی,1
tapuğuñ,1,تاپوغوڭ,1
kavşuru,1,قاوشورو,1
adakıñ,1,آداقېڭ,1
urğıl,1,اورغېل,1
oñuñ,1,اۏڭوڭ,1
yarlıkarda,1,یارلېقاردا,1
ögüñ,1,اؤگۆڭ,1
tiz,1,تیز,1
sök,1,سؤک,1
solun,1,سۏلون,1
ötün,1,اؤتۆن,1
eşitmedük,1,ائشیتمه‌دۆک,1
körünmedük,1,کؤرۆنمه‌دۆک,1
çağrı,1,چاغرې,1
kül,1,کۆل,1
erkin,1,ارکین,1
çawlı,1,چاولې,1
yuğruş,1,یوغروش,1
teksin,1,تکسین,1
ötedi,1,اؤتئدی,1
ornasa,1,اۏرناسا,1
yazığlı,1,یازېغلې,1
itgüçi,1,ایتگۆچی,1
bedütmiş,1,بدۆتمیش,1
atında,1,آتېندا,1
kut-tururlar,1,قوت تورورلار,1
ot-tururlar,1,اۏت تورورلار,1
zamâneˆ-tururlar,1,زمانه تورورلار,1
tügge,1,تۆگگه,1
tapuğçı-turur,1,تاپوغچې تورور,1
katığlanğu,1,قاتېغلانغو,1
azmasa,1,آزماسا,1
basnu,1,باسنو,1
tamurın,1,تامورېن,1
teşer,1,تئشر,1
okıdukta,1,اۏقېدوقتا,1
eşitmez,1,ائشیتمز,1
körmişiñni,1,کؤرمیشیڭنی,1
ödinde,1,اؤدینده,1
çıkatur,1,چېقاتور,1
yokluk,1,یۏقلوق,1
yoñama,1,یۏڭاما,1
sala,1,سالا,1
kirmegil,1,کیرمه‌گیل,1
alşu,1,آلشو,1
tutşu,1,توتشو,1
satğamağıl,1,ساتغاماغېل,1
kakırma,1,قاقېرما,1
sudma,1,سودما,1
kiterür,1,کیتَرۆر,1
bağdaş,1,باغداش,1
ilme,1,علمه,0
yatmağıl,1,یاتماغېل,1
külmegil,1,کۆلمه‌گیل,1
tırñak,1,تېرڭاق,1
adışma,1,آدېشما,1
butuñ,1,بوتوڭ,1
iletgey,1,ایلتگَی,1
yarağsızda,1,یاراغسېزدا,1
körünme,1,کؤرۆنمه,1
kirgil,1,کیرگیل,1
bilirin,1,بیلیرین,1
sunma,1,سونما,1
kemdime,1,کئمدیمه,1
tartmağıl,1,تارتماغېل,1
ündeme,1,اۆنده‌مه,1
teşi,1,تئشی,1
yémegil,1,ییمه‌گیل,1
tawrakın,1,تاوراقېن,1
yazğu,1,یازغو,1
ögleñü,1,اؤگلڭۆ,1
kulakıñ,1,قولاقېڭ,1
almağu,1,آلماغو,1
yetîmler,1,یتیملر,1
ağılıkka,1,آغېلېققا,1
aşçılar,1,آشچېلار,1
tileseñ,1,تیله‌سڭ,1
koptaçı,1,قۏپتاچې,1
kopğıl,1,قۏپغېل,1
ögrendiñ,1,اؤگره‌ندیڭ,1
sap,1,ساپ,1
olardın-turur,1,اۏلاردېن تورور,1
xlviii,1,خلوییی,1
aysama,1,آیساما,1
yaraşmasa,1,یاراشماسا,1
tatımaz,1,تاتېماز,1
tüzgüçi,1,تۆزگۆچی,1
tapayın,1,تاپایېن,1
yaraşğıl,1,یاراشغېل,1
ulğuñ-turur,1,اولغوڭ تورور,1
tapınğıl,1,تاپېنغېل,1
tapuğka-turur,1,تاپوغقا تورور,1
yanutka,1,یانوتقا,1
basıtma,1,باسېتما,1
oynamağıl,1,اۏیناماغېل,1
yağlığ,1,یاغلېغ,1
aymaz,1,آیماز,1
tegrüp,1,تگرۆپ,1
tokımış,1,تۏقېمېش,1
yaslıkı,1,یاسلېقې,1
miñin,1,میڭین,1
azlıkı,1,آزلېقې,1
düşmânındın,1,دۆشمانېندېن,1
uzlukı,1,اوزلوقې,1
koldaşıñ,1,قۏلداشېڭ,1
tutunğıl,1,توتونغېل,1
teñeşlig,1,تڭشلیگ,1
tutunma,1,توتونما,1
ügrün,1,اۆگرۆن,1
ügrin,1,اۆگرین,1
sığırçuknı,1,سېغېرچوقنې,1
baktım,1,باقتېم,1
kuğuka,1,قوغوقا,1
ügür,1,اۆگۆر,1
kişigni,1,کیشیگنی,1
ükmez,1,اۆکمز,1
se,1,سه,1
şéş,1,شیش,1
sına,1,سېنا,1
sene,1,سنه,1
buşurğıl,1,بوشورغېل,1
tüg,1,تۆگ,1
ozundın,1,اۏزوندېن,1
umdusın,1,اومدوسېن,1
atağay,1,آتاغای,1
yıratğay,1,یېراتغای,1
kadğusuz,1,قادغوسوز,1
kadğuda,1,قادغودا,1
kılıkka,1,قېلېققا,1
yağılağu,1,یاغېلاغو,1
yuluğla,1,یولوغلا,1
yağıñnı,1,یاغېڭنې,1
kedin,1,کئدین,1
ürüñke,1,اۆرۆڭکه,1
yukar,1,یوقار,1
sakınğa,1,ساقېنغا,1
irilgey,1,ایریلگَی,1
yoduğka,1,یۏدوغقا,1
yokadlı,1,یۏقادلې,1
uluğuñ,1,اولوغوڭ,1
körülmege,1,کؤرۆلمگه,1
tünergey,1,تۆنرگَی,1
kiçigiñ,1,کیچیگیڭ,1
tapsula,1,تاپسولا,1
tilemegey,1,تیله‌مه‌گَی,1
otatğu,1,اۏتاتغو,1
yémişi,1,ییمیشی,1
tepsep,1,تپسه‌پ,1
tepsemek,1,تپسه‌مک,1
tepsegüçi,1,تپسه‌گۆچی,1
iglemek,1,ایگله‌مک,1
uğınça,1,اوغېنچا,1
sewgeler,1,سئوگه‌لر,1
katlayın,1,قاتلایېن,1
iwgeler,1,ایوگه‌لر,1
yağılamış,1,یاغېلامېش,1
kit,1,کیت,1
sınama,1,سېناما,1
tayaklık,1,تایاقلېق,1
sıma,1,سېما,1
köñlini,1,کؤڭلینی,1
öñer,1,اؤڭر,1
cânıña,1,جانېڭا,1
tirmiş,1,تیرمیش,1
mâlıña,1,مالېڭا,1
taşıñnı,1,تاشېڭنې,1
adaşıñ,1,آداشېڭ,1
neñiñe,1,نڭیڭه,1
cânıñka,1,جانېڭقا,1
yétürgey,1,ییتۆرگَی,1
yaraşmakı,1,یاراشماقې,1
kutulmakı,1,قوتولماقې,1
katıldıñmu,1,قاتېلدېڭمو,1
dôstka,1,دۏستقا,1
bulıp,1,بولېپ,1
koltğu,1,قۏلتغو,1
yakınığ,1,یاقېنېغ,1
yıratmak,1,یېراتماق,1
uzunın,1,اوزونېن,1
sewitmek,1,سئویتمک,1
biriktür,1,بیریکتۆر,1
ögmek,1,اؤگمک,1
aslısı,1,آسلېسې,1
kılınçında,1,قېلېنچېندا,1
yüzüñnüñ,1,یۆزۆڭنۆڭ,1
éltge,1,ایلتگه,1
tegmeke,1,تگمه‌که,1
açtıñ,1,آچتېڭ,1
üstikü,1,اۆستیکۆ,1
tama‘nı,1,طمعنی,1
bökü,1,بؤکۆ,1
meñziñ,1,مڭزیڭ,1
kutulduñ,1,قوتولدوڭ,1
uzunluk,1,اوزونلوق,1
yaraşmazsa,1,یاراشمازسا,1
bolğusın,1,بۏلغوسېن,1
kikneme,1,کیکنه‌مه,1
yıl-turur,1,یېل تورور,1
ağrıtur,1,آغرېتور,1
ağrısa,1,آغرېسا,1
yukğay,1,یوقغای,1
éltiş,1,ایلتیش,1
uçuzlasa,1,اوچوزلاسا,1
yañkusındın,1,یاڭقوسېندېن,1
senlegil,1,سنله‌گیل,1
karılğu,1,قارېلغو,1
xlix,1,خلیخ,1
katilğu,1,قاتیلغو,1
bularsız,1,بولارسېز,1
küdezü,1,کۆدزۆ,1
küdgi,1,کۆدگی,1
yémekig,1,ییمکیگ,1
bilirler,1,بیلیرلر,1
boğuzda,1,بۏغوزدا,1
barkını,1,بارقېنې,1
tevşigi,1,تئوشیگی,1
halklar,1,خلقلار,1
başsırar,1,باشسېرار,1
birü,1,بیرۆ,1
l,1,ل,1
atta,1,آتتا,1
kişisinde,1,کیشیسینده,1
urğı-turur,1,اورغې تورور,1
ehl-i-beyt,1,اهل البیت,1
habîbka,1,حبیبقا,1
irtemegil,1,ایرته‌مه‌گیل,1
li,1,لی,1
biliglerin,1,بیلیگلرین,1
yaramazlarığ,1,یارامازلارېغ,1
seçip,1,سئچیپ,1
biligleri,1,بیلیگلری,1
önmegey,1,اؤنمه‌گَی,1
yarusa,1,یاروسا,1
azmaz,1,آزماز,1
neñiñde,1,نڭیڭده,1
erkeç,1,ارکچ,1
lii,1,لیی,1
otaçı-turur,1,اۏتاچې تورور,1
oñulmaz,1,اۏڭولماز,1
emler,1,املر,1
liii,1,لییی,1
afsûnçılar,1,افسونچېلار,1
otaçıka,1,اۏتاچېقا,1
yekler,1,یئکلر,1
yorğuçılar,1,یۏرغوچېلار,1
yoruğlı,1,یۏروغلې,1
yorsa,1,یۏرسا,1
yorğuçı,1,یۏرغوچې,1
âyât,1,آیات,1
lv,1,لو,1
yulduzçılar,1,یولدوزچېلار,1
yulduzçı,1,یولدوزچې,1
zarb,1,ضرب,1
küsûr,1,قصور,0
tükelke,1,تۆکلکه,1
imtihân,1,امتحان,1
taz‘îf,1,تضعیف,1
tansîf,1,تنصیف,1
cem‘,1,جمع,1
tefrîk,1,تفریق,1
misâhatka,1,مساحتقا,1
felekni,1,فلکنی,1
yamça,1,یامچا,1
cebr,1,جبر,1
mukâbel,1,مقابل,1
oklidis,1,اقلیدس,1
kutluğın,1,قوتلوغېن,1
kénikse,1,کینیکسه,1
lvi,1,لوی,1
öggüçiler,1,اؤگگۆچیلر,1
yérgüçi,1,ییرگۆچی,1
kılıçta,1,قېلېچتا,1
yitigrek,1,ییتیگره‌ک,1
hâtır,1,خاطر,1
güher,1,گوهر,1
yakut,1,یاقوت,1
çıkarur,1,چېقارور,1
ögseler,1,اؤگسه‌لر,1
sökseler,1,سؤکسه‌لر,1
artap,1,آرتاپ,1
tiliñe,1,تیلیڭه,1
kosa,1,قۏسا,1
satğın,1,ساتغېن,1
lvii,1,لویی,1
tarığçı-turur,1,تارېغچې تورور,1
kişiler-turur,1,کیشیلر تورور,1
içimdin,1,ایچیمدین,1
todğuçı,1,تۏدغوچې,1
yinçgelig,1,یینچگه‌لیگ,1
bolmayın,1,بۏلمایېن,1
tüpüg,1,تۆپۆگ,1
yıldızığ,1,یېلدېزېغ,1
ızığ,1,اېزېغ,1
kürer,1,کۆرر,1
tamdurur,1,تامدورور,1
udunmış,1,اودونمېش,1
tünerçe,1,تۆنرچه,1
lviii,1,لوییی,1
satığçılar,1,ساتېغچېلار,1
satığçı-turur,1,ساتېغچې تورور,1
asığçı-turur,1,آسېغچې تورور,1
kezgüçi,1,کزگۆچی,1
kedgey,1,کئدگَی,1
yorımadı,1,یۏرېمادې,1
saka,1,ساقا,1
tireldi,1,تیرلدی,1
éltgüçi,1,ایلتگۆچی,1
yadğuçı,1,یادغوچې,1
bulsalar,1,بولسالار,1
yasta,1,یاستا,1
kezmiş,1,کزمیش,1
yadayın,1,یادایېن,1
çawıkmak,1,چاوېقماق,1
satığçıkaedgü,1,ساتېغچېقا ائدگۆ,1
‘ödür,1,‘ؤدۆر,0
lix,1,لیخ,1
yılkılarka,1,یېلقېلارقا,1
başçılar,1,باشچېلار,1
büki,1,بۆکی,1
sülük,1,سۆلۆک,1
yüdürgü,1,یۆدۆرگۆ,1
kımız,1,قېمېز,1
yüñ,1,یۆڭ,1
yoğrut,1,یۏغروت,1
kurut,1,قوروت,1
kidiz,1,کیدیز,1
tokusuz,1,تۏقوسوز,1
basınğan,1,باسېنغان,1
yolçılar,1,یۏلچېلار,1
alınğu,1,آلېنغو,1
lx,1,لخ,1
uzlar-turur,1,اوزلار تورور,1
uzluk,1,اوزلوق,1
temürçi,1,تمۆرچی,1
kırmaçı,1,قېرماچې,1
sırçı,1,سېرچې,1
bedizçi,1,بدیزچی,1
bulardın-turur,1,بولاردېن تورور,1
terin,1,ترین,1
tegrü,1,تیگرۆ,1
içürgil,1,ایچۆرگیل,1
ayıñlamasunlar,1,آیېڭلاماسونلار,1
artamasun,1,آرتاماسون,1
atu,1,آتو,1
tatır,1,تاتېر,1
yégreki,1,ییگره‌کی,1
münol,1,مۆنۏل,0
lxi,1,لخی,1
çığaykır-turur,1,چېغایقېر تورور,1
içkıl,1,ایچقېل,1
ür,1,اۆر,1
du‘âçı-tururlar,1,دعاچې تورورلار,1
tawarın,1,تاوارېن,1
konut,1,قۏنوت,1
lxii,1,لخیی,1
almaknı,1,آلماقنې,1
tarığ,1,تارېغ,1
tegmedük,1,تگمه‌دۆک,1
sewge,1,سئوگه,1
bilmegey,1,بیلمه‌گَی,1
erenler,1,ارنلر,1
kolmağıl,1,قۏلماغېل,1
üstikip,1,اۆستیکیپ,1
külgüsi,1,کۆلگۆسی,1
tozu,1,تۏزو,1
tarığlığ,1,تارېغلېغ,1
bedükler,1,بدۆکلر,1
ewçi,1,ائوچی,1
bayutğay,1,بایوتغای,1
törtegü,1,تؤرته‌گۆ,1
lxiii,1,لخییی,1
igidgüsin,1,ایگیدگۆسین,1
ewiñde,1,ائویڭده,1
igidgil,1,ایگیدگیل,1
igidme,1,ایگیدمه,1
awurtası,1,آوورتاسې,1
kopğa,1,قۏپغا,1
fâriğ,1,فارغ,1
yügürgey,1,یۆگۆرگَی,1
begsizin,1,بگسیزین,1
ölgey,1,اؤلگَی,1
toğmasa,1,تۏغماسا,1
ölügler,1,اؤلۆگلر,1
toyı,1,تۏیې,1
tişilerni,1,تیشیلرنی,1
tişiniñ,1,تیشینیڭ,1
alğan,1,آلغان,1
kolmağay,1,قۏلماغای,1
kattıñ,1,قاتتېڭ,1
keçgüde,1,کئچگۆده,1
çıkğalı,1,چېقغالې,1
ozadın,1,اۏزادېن,1
önmiş,1,اؤنمیش,1
yimişi,1,ییمیشی,1
erkeki,1,ارککی,1
eñlig,1,اڭلیگ,1
çawlığ,1,چاولېغ,1
lxiv,1,لخیو,1
asrakığ,1,آسراقېغ,1
oprakığ,1,اۏپراقېغ,1
yüdürgil,1,یۆدۆرگیل,1
erkligin,1,ارکلیگین,1
kulları,1,قوللارې,1
yapma,1,یاپما,1
barkıñ,1,بارقېڭ,1
muñadma,1,موڭادما,1
eşitgey,1,ائشیتگَی,1
tınmağay,1,تېنماغای,1
ağrığında,1,آغرېغېندا,1
edgüsiñe,1,ائدگۆسیڭه,1
ülüşlerde,1,اۆلۆشلرده,1
yadğun,1,یادغون,1
hisârka,1,حصارقا,1
koşnılıktın,1,قۏشنېلېقتېن,1
koşnısın,1,قۏشنېسېن,1
küri,1,کۆری,1
odulğay,1,اۏدولغای,1
idiñni,1,ایدیڭنی,1
yadılmak,1,یادېلماق,1
osallıknı,1,اۏساللېقنې,1
yapğıl,1,یاپغېل,1
tegeyin,1,تیگه‌یین,1
havânı,1,هوانې,1
tükel-men,1,تۆکل من,1
ündegeler,1,اۆنده‌گه‌لر,1
kelgeler,1,کلگه‌لر,1
lxv,1,لخو,1
barmak,1,بارماق,1
konukluk,1,قۏنوقلوق,1
küdenke,1,کۆدنکه,1
sünnet,1,سنّت,1
okığay,1,اۏقېغای,1
yoğ,1,یۏغ,1
yatıña,1,یاتېڭا,1
teñle,1,تڭله,1
barmağu,1,بارماغو,1
aşları,1,آشلارې,1
bazığ,1,بازېغ,1
tegiri,1,تیگیری,1
itseler,1,ایتسه‌لر,1
oğrayu,1,اۏغرایو,1
yitim,1,ییتیم,1
esrük,1,اسرۆک,1
ahsumlağay,1,آهسوملاغای,0
siñmegey,1,سیڭمه‌گَی,1
ağrığay,1,آغرېغای,1
todum,1,تۏدوم,1
boğuzıña,1,بۏغوزېڭا,1
tıdumadı,1,تېدومادې,1
baynı,1,باینې,1
üdregey,1,اۆدره‌گَی,1
türmek,1,تۆرمک,1
bıçak,1,بېچاق,1
kowdaş,1,قۏوداش,1
silkim,1,سیلکیم,1
sepük,1,سپۆک,1
tişle,1,تیشله,1
tançula,1,تانچولا,1
ürme,1,اۆرمه,1
türtme,1,تۆرتمه,1
törüsüzlük,1,تؤرۆسۆزلۆک,1
tatğanu,1,تاتغانو,1
sınğa,1,سېنغا,1
serilse,1,سریلسه,1
killi,1,کیللی,1
yéglilerniñ,1,ییگلیلرنیڭ,1
ığ,1,اېغ,1
tawratur,1,تاوراتور,1
tigli,1,تیگلی,1
aşnusı,1,آشنوسې,1
igledimü,1,ایگله‌دیمۆ,1
yaraşmaznı,1,یاراشمازنې,1
kodğı,1,قۏدغې,1
yılıñ,1,یېلېڭ,1
üşütür,1,اۆشۆتۆر,1
kanıñ,1,قانېڭ,1
üdüñ,1,اۆدۆڭ,1
kuruğun,1,قوروغون,1
küçe,1,کۆچه,1
samduy,1,سامدوی,1
belülüg,1,بلۆلۆگ,1
isigli,1,ایسیگلی,1
soğıklı,1,سۏغېقلې,1
taduñnı,1,تادوڭنې,1
tab‘ını,1,طبعینی,1
kızıllı,1,قېزېللې,1
sarığlı,1,سارېغلې,1
adrara,1,آدرارا,1
taduğ,1,تادوغ,1
kalma,1,قالما,1
kırk,1,قېرق,1
samağu,1,ساماغو,1
tüzmese,1,تۆزمه‌سه,1
igsizlikin,1,ایگسیزلیکین,1
tigin,1,تیگین,1
lxvi,1,لخوی,1
töşegil,1,تؤشه‌گیل,1
sunuğlı,1,سونوغلې,1
okımasa,1,اۏقېماسا,1
kopsu,1,قۏپسو,1
kadaşığ,1,قاداشېغ,1
keliglisi,1,کلیگلیسی,1
öçep,1,اؤچه‌پ,1
kinikmiş,1,کینیکمیش,1
içgu,1,ایچقو,1
teñeşgü,1,تڭشگۆ,1
fukâ‘,1,فوقا‘,0
mizâb,1,مذاب,0
bérgüñi,1,بیرگۆڭی,1
kodmağıl,1,قۏدماغېل,1
barmasunlar,1,بارماسونلار,1
yéseler,1,ییسه‌لر,1
nukul,1,نقول,1
simiş,1,سیمیش,1
bıçış,1,بېچېش,1
bıçğıl,1,بېچغېل,1
teri,1,تئری,1
kesilsü,1,کسیلسۆ,1
ündeseler,1,اۆنده‌سه‌لر,1
bérseler,1,بیرسه‌لر,1
bürnü,1,بۆرنۆ,1
tokımlar,1,تۏقېملار,1
tokıp,1,تۏقېپ,1
ögmiş,1,اؤگمیش,1
barmağıl,1,بارماغېل,1
igçil,1,ایگچیل,1
kowdak,1,قۏوداق,1
karıtur,1,قارېتور,1
igsiz,1,ایگسیز,1
hali,1,حالی,1
ma‘nîsin,1,معنیسین,1
lxvii,1,لخویی,1
ewrüp,1,ائورۆپ,1
bolmakın,1,بۏلماقېن,1
ögrenseler,1,اؤگره‌نسه‌لر,1
yapulğay,1,یاپولغای,1
yandım,1,یاندېم,1
karıdım,1,قارېدېم,1
yanmak,1,یانماق,1
udınur,1,اودېنور,1
edgüdün,1,ائدگۆدۆن,1
karımış,1,قارېمېش,1
tirip,1,تیریپ,1
tınıñ,1,تېنېڭ,1
tapğını,1,تاپغېنې,1
bildim,1,بیلدیم,1
isinmek,1,ایسینمک,1
tumlımak,1,توملېماق,1
çomak,1,چۏماق,1
kutluğınıñ,1,قوتلوغېنېڭ,1
yégedür,1,ییگه‌دۆر,1
yakçı,1,یاقچې,1
ulğadu,1,اولغادو,1
yapğuçı,1,یاپغوچې,1
münüp,1,مۆنۆپ,1
tayakı,1,تایاقې,1
yarlıp,1,یارلېپ,1
keçgüçi,1,کئچگۆچی,1
perî,1,پری,1
tirgürügli,1,تیرگۆرۆگلی,1
samışlarığ,1,سامېشلارېغ,1
sinimü,1,سینیمۆ,1
sızdı,1,سېزدې,1
bayında,1,بایېندا,1
seçümez,1,سئچۆمز,1
küwezler,1,کۆوزلر,1
senmü,1,سنمۆ,1
tok-turur,1,تۏق تورور,1
harislık,1,هاریسلېق,0
kesidi,1,کسیدی,1
tarığlağ-turur,1,تارېغلاغ تورور,1
ir,1,ایر,1
todmasa,1,تۏدماسا,1
todğa,1,تۏدغا,1
törütgenni,1,تؤرۆتگننی,1
yaratğannı,1,یاراتغاننې,1
korkma,1,قۏرقما,1
törütgenke,1,تؤرۆتگنکه,1
korkğıl,1,قۏرقغېل,1
tapuğa,1,تاپوغا,1
yaramağa,1,یاراماغا,1
tiriglikleri,1,تیریگلیکلری,1
tapuğçıkaayğıl,1,تاپوغچېقا آیغېل,1
erkini,1,ارکینی,1
yaranmaz,1,یارانماز,1
yaramasa,1,یاراماسا,1
kalım,1,قالېم,1
sasıtur,1,ساسېتور,1
tüger,1,تۆگر,1
kılıklarını,1,قېلېقلارېنې,1
alıklarını,1,آلېقلارېنې,1
karârı,1,قرارې,1
sakım,1,ساقېم,1
körnü-turur,1,کؤرنۆ تورور,1
kezigi,1,کزیگی,1
sewingü,1,سئوینگۆ,1
yek-turur,1,یئک تورور,1
yağılamışı,1,یاغېلامېشې,1
alındım,1,آلېندېم,1
todğuça,1,تۏدغوچا,1
ölmegüçe,1,اؤلمه‌گۆچه,1
aşlar,1,آشلار,1
örtgü,1,اؤرتگۆ,1
todunsa,1,تۏدونسا,1
kedse,1,کئدسه,1
serâ’ka,1,سراقا,1
muñuğ,1,موڭوغ,1
uladım,1,اولادېم,1
tilekçi,1,تیلکچی,1
bolup-men,1,بۏلوپ من,1
yırlar,1,یېرلار,1
mukır-men,1,موقېر من,1
nışânın,1,نشانېن,1
tınmağıl,1,تېنماغېل,1
yanmağıl,1,یانماغېل,1
tınmağuçı,1,تېنماغوچې,1
iwip,1,ایویپ,1
takımka,1,تاقېمقا,1
awıñum,1,آوېڭوم,1
sığıñum,1,سېغېڭوم,1
tüzülmiş,1,تۆزۆلمیش,1
köñüldeki,1,کؤڭۆلده‌کی,1
uçar-men,1,اوچار من,1
küvengü,1,کۆونگۆ,1
üzüldüm,1,اۆزۆلدۆم,1
ajun-turur,1,آژون تورور,1
bulunğay,1,بولونغای,1
yatup,1,یاتوپ,1
hatarlığ-turur,1,خطرلېغ تورور,1
nûşı,1,نوشې,1
arığın,1,آرېغېن,1
sımağınça,1,سېماغېنچا,1
kirümez,1,کیرۆمز,1
çıkarğu,1,چېقارغو,1
dünyâsın,1,دنیاسېن,1
sewgi,1,سئوگی,1
uluştın,1,اولوشتېن,1
köçin,1,کؤچین,1
köçmezde,1,کؤچمزده,1
köç,1,کؤچ,1
köçüp,1,کؤچۆپ,1
tuzakçı-turur,1,توزاقچې تورور,1
tuzakka,1,توزاققا,1
üdsüzün,1,اۆدسۆزۆن,1
saçmış,1,ساچمېش,1
térnekig,1,تیرنَکیگ,1
taradı,1,تارادې,1
menin,1,منین,1
köksegüçi,1,کؤکسه‌گۆچی,1
yanğusuz,1,یانغوسوز,1
uttı,1,اوتتې,1
tolup,1,تۏلوپ,1
bilürmü,1,بیلۆرمۆ,1
kaçığlı,1,قاچېغلې,1
sawçılarığ,1,ساوچېلارېغ,1
itügey,1,ایتۆگَی,1
tokun,1,تۏقون,1
uzamaz,1,اوزاماز,1
saçıttı,1,ساچېتتې,1
bağırsaklıkım,1,باغېرساقلېقېم,1
arçar,1,آرچار,1
eşündi,1,ائشۆندی,1
yorısu,1,یۏرېسو,1
oğlını,1,اۏغلېنې,1
tamuğka,1,تاموغقا,1
tevfîkın,1,تَوفیقېن,1
sélerke,1,سیلرکه,1
aymışım,1,آیمېشېم,1
tutuñlar,1,توتوڭلار,1
yaru,1,یارو,1
çınka,1,چېنقا,1
odğurup,1,اۏدغوروپ,1
bışurdı,1,بېشوردې,1
kura,1,قورا,1
boduğı,1,بۏدوغې,1
töpüdin,1,تؤپۆدین,1
bakırsukuna,1,باقېرسوقونا,1
keziglig,1,کزیگلیگ,1
‘abîr,1,عابر,1
bürkirer,1,بۆرکیرر,1
butık,1,بوتېق,1
tokuz,1,تۏقوز,1
kıza,1,قېزا,1
orunka,1,اۏرونقا,1
kurun,1,قورون,1
éşiñ,1,ایشیڭ,1
özümizke,1,اؤزۆمیزکه,1
uzalmaz,1,اوزالماز,1
meñilik,1,مڭیلیک,1
ereş,1,ارش,1
odunmış-turur,1,اۏدونمېش تورور,1
yetürgey,1,یئتۆرگَی,1
köñlümiz,1,کؤڭلۆمیز,1
yoğun,1,یۏغون,1
kolmışım,1,قۏلمېشېم,1
tirilgeymü,1,تیریلگَیمۆ,1
körelim,1,کؤره‌لیم,1
kuruğluğ-turur,1,قوروغلوغ تورور,1
hükmiñe,1,حُکمیڭه,1
ançan,1,آنچان,1
sınalım,1,سېنالېم,1
anu,1,آنو,1
ördün,1,اؤردۆن,1
lxviii,1,لخوییی,1
ündeyü,1,اۆنده‌یۆ,1
tilekni,1,تیلکنی,1
yansu,1,یانسو,1
süzülsün,1,سۆزۆلسۆن,1
keldreyin,1,کلدره‌یین,1
yarlıkasun,1,یارلېقاسون,1
bütmegü,1,بۆتمه‌گۆ,1
tezgü,1,تیزگۆ,1
bütun,1,بۆتۆن,1
tıdmağay,1,تېدماغای,1
okıma,1,اۏقېما,1
katığlaña-men,1,قاتېغلاڭا من,1
kolsunı,1,قۏلسونې,1
öñgi,1,اؤڭگی,1
mînâ,1,مینا,1
sayradı,1,سایرادې,1
tıñlayu,1,تېڭلایو,1
ünke,1,اۆنکه,1
tañlayu,1,تاڭلایو,1
yırttı,1,یېرتتې,1
kedmiş,1,کئدمیش,1
köñlekin,1,کؤڭلکین,1
iri,1,ایری,1
kuzı,1,قوزې,1
kolın,1,قۏلېن,1
yorup,1,یۏروپ,1
emgetürsen,1,امگتۆرسن,1
karışıñ,1,قارېشېڭ,1
kirelim,1,کیره‌لیم,1
kadaşıña,1,قاداشېڭا,1
eksüksüzün,1,اکسۆکسۆزۆن,1
teñledi,1,تڭله‌دی,1
had,1,حد,1
teriginde,1,تیریگینده,1
kaçğa,1,قاچغا,1
ziyâretka,1,زیارتقا,1
barmadım,1,بارمادېم,1
küdtı,1,کۆدتی,1
kirür-men,1,کیرۆر من,1
köndüm,1,کؤندۆم,1
ra‘îyetka,1,رعیّتکه,1
vâcib,1,واجب,1
estıp,1,ائستېپ,0
uluğı,1,اولوغې,1
ağırlağu,1,آغېرلاغو,1
hindû,1,هندو,1
yuluğı,1,یولوغې,1
ağırlar-men,1,آغېرلار من,1
bolur-men,1,بۏلور من,1
eşünse,1,ائشۆنسه,1
soñdağa,1,سۏڭداغا,1
atğa,1,آتغا,1
sözlege,1,سؤزله‌گه,1
kılalım,1,قېلالېم,1
ilike,1,ایلیکه,1
yaza,1,یازا,1
kıyma,1,قېیما,1
küdge-men,1,کۆدگه من,1
aymışları,1,آیمېشلارې,1
tuşar-men,1,توشار من,1
angar,1,آنقار,1
tünerse,1,تۆنرسه,1
çiçe,1,چیچه,1
kelmek-turur,1,کلمک تورور,1
sewindürdi,1,سئویندۆردی,1
ârzûnı,1,آرزونې,1
tüşe,1,تۆشه,1
indi,1,ایندی,1
kararıp,1,قارارېپ,1
tozdı,1,تۏزدې,1
tügüp,1,تۆگۆپ,1
oñup,1,اۏڭوپ,1
teprenür,1,تپره‌نۆر,1
lxix,1,لخیخ,1
alıştı,1,آلېشتې,1
yétürdi,1,ییتۆردی,1
olarıg,1,اۏلارېق,1
lxx,1,لخخ,1
körüşmişin,1,کؤرۆشمیشین,1
selâmka,1,سلامقا,1
yazlu,1,یازلو,1
yadağın,1,یاداغېن,1
ârzûlasa,1,آرزولاسا,1
fazlığ,1,فضلېغ,1
muyanığ,1,مویانېغ,1
kolmadıñ,1,قۏلمادېڭ,1
şerriñe,1,شرّیڭه,1
selâmetlık,1,سلامتلیک,1
aşundursa,1,آشوندورسا,1
şerrindin,1,شرّیندین,1
umup,1,اوموپ,1
hayrındın,1,خیریندین,1
şer,1,شر,1
kiçigdin,1,کیچیگدین,1
tügülse,1,تۆگۆلسه,1
tutmadım,1,توتمادېم,1
bütmedim,1,بۆتمه‌دیم,1
yañay,1,یاڭای,1
korkur,1,قۏرقور,1
büttüm,1,بۆتتۆم,1
sözlemiştin,1,سؤزله‌میشتین,1
yémesün,1,ییمه‌سۆن,1
bolmasun,1,بۏلماسون,1
kıylur,1,قېیلور,1
yawuzrakı,1,یاووزراقې,1
yawuzda,1,یاووزدا,1
va‘de,1,وعده,1
ter,1,تئر,0
yanığlığ,1,یانېغلېغ,1
yanmaz,1,یانماز,1
yanığlı,1,یانېغلې,1
işiler,1,ایشیلر,1
kılıklarka,1,قېلېقلارقا,1
kılıklar,1,قېلېقلار,1
kığa,1,قېغا,1
ewrür,1,ائورۆر,1
sinde,1,سینده,1
koldukum,1,قۏلدوقوم,1
sığğu,1,سېغغو,1
yorıglı,1,یۏرېقلې,1
atıñka,1,آتېڭقا,1
nefsîm,1,نفسیم,1
taçımnı,1,تاچېمنې,1
sürgey,1,سۆرگَی,1
atım-turur,1,آتېم تورور,1
kebit,1,کئبیت,0
bezedim,1,بزه‌دیم,1
körgüsi,1,کؤرگۆسی,1
kebitte,1,کئبیتته,0
körmegil,1,کؤرمه‌گیل,1
yaşutluğ,1,یاشوتلوغ,1
bedizi,1,بدیزی,1
beze,1,بئزه,1
kötürgüsi,1,کؤتۆرگۆسی,1
içiñ,1,ایچیڭ,1
taşıñ,1,تاشېڭ,1
ilindim,1,ایلیندیم,1
meşğul,1,مشغول,1
tutunsu,1,توتونسو,1
bilmegil,1,بیلمه‌گیل,1
ök-men,1,اؤک من,1
tusulğaymu,1,توسولغایمو,1
ötlerim,1,اؤتلریم,1
kesmedim,1,کسمه‌دیم,1
yazuk-men,1,یازوق من,1
yazukuın,1,یازوقوېن,0
yölegil,1,یؤله‌گیل,1
bodudı,1,بۏدودې,1
biliriñ,1,بیلیریڭ,1
arıttıñ,1,آرېتتېڭ,1
ötlegil,1,اؤتله‌گیل,1
ötle,1,اؤتله,1
lxxi,1,لخخی,1
évip,1,ایویپ,1
ölügni,1,اؤلۆگنی,1
küniñni,1,کۆنیڭنی,1
aydukı,1,آیدوقې,1
atanıñ,1,آتانېڭ,1
ananıñ,1,آنانېڭ,1
sénimü,1,سینیمۆ,1
sañamu,1,ساڭامو,1
böriler,1,بؤریلر,1
yığıldı,1,یېغېلدې,1
adınka-turur,1,آدېنقا تورور,1
uçuksa,1,اوچوقسا,1
tutnup,1,توتنوپ,1
bekütmek,1,بکۆتمک,1
könilikni,1,کؤنیلیکنی,1
beg-men,1,بگ من,1
vefâsız-turur,1,وفاسېز تورور,1
kutıña,1,قوتېڭا,1
tegmişi,1,تیگمیشی,1
keçtiler,1,کئچتیلر,1
yérikmedi,1,ییریکمه‌دی,1
köçtiler,1,کؤچتیلر,1
étme,1,ایتمه,1
kodmağay,1,قۏدماغای,1
gûr,1,گور,1
karşığ,1,قارشېغ,1
çık,1,چېق,1
sakınçta,1,ساقېنچتا,1
keçgü,1,کئچگۆ,1
sewinçig,1,سئوینچیگ,1
témegil,1,تیمه‌گیل,1
térilmiş,1,تیریلمیش,1
neñiñni,1,نڭیڭنی,1
kulların,1,قوللارېن,1
hâlkıña,1,خلقېڭا,1
işlep,1,ایشله‌پ,1
bulğanuknı,1,بولغانوقنې,1
süzeyin,1,سۆزه‌یین,1
udmış,1,اودمېش,1
kılınıñ,1,قېلېنېڭ,1
itmek,1,ایتمک,1
kılıkıñ,1,قېلېقېڭ,1
yolıñ,1,یۏلېڭ,1
kéñeşçiñ,1,کیڭشچیڭ,1
kermegil,1,کئرمه‌گیل,1
eşüdi,1,ائشۆدی,1
tuşlar,1,توشلار,1
hazînem,1,خزینه‌م,1
kergüçi,1,کئرگۆچی,1
yorıtumadı,1,یۏرېتومادې,1
çıbunka,1,چېبونقا,1
işleme,1,ایشله‌مه,1
kiçike,1,کیچیکه,1
yorığ,1,یۏرېغ,1
küçeyür,1,کۆچه‌یۆر,1
kısğıl,1,قېسغېل,1
esürme,1,اسۆرمه,1
‘izzin,1,عزّین,1
ğâyeti,1,غایتی,1
kürese,1,کۆره‌سه,1
kıyınka,1,قېیېنقا,1
yalınmış,1,یالېنمېش,1
olınmış,1,اۏلېنمېش,1
otağıl,1,اۏتاغېل,1
dârû,1,دارو,1
berât,1,برات,1
atıñ-turur,1,آتېڭ تورور,1
tarılağ-turur,1,تارېلاغ تورور,1
ekin,1,ایکین,1
eşitğıl,1,ائشیتغېل,1
barğusuz,1,بارغوسوز,1
aza,1,آزا,1
tutamça,1,توتامچا,1
ögrir,1,اؤگریر,1
ğaflet-turur,1,غفلت تورور,1
udığlı,1,اودېغلې,1
sarab,1,ساراب,1
teltük,1,تلتۆک,1
müne,1,مۆنه,1
ayıtğu-turur,1,آیېتغو تورور,1
barçanı,1,بارچانې,1
sénde-turur,1,سینده تورور,1
kıyınlar,1,قېیېنلار,1
isizliklerin,1,ایسیزلیکلرین,1
ésmese,1,ایسمه‌سه,1
ésme,1,ایسمه,1
könmese,1,کؤنمه‌سه,1
kısığlısı,1,قېسېغلېسې,1
yoldın,1,یۏلدېن,1
yetmişinçe,1,یئتمیشینچه,1
katığlansu,1,قاتېغلانسو,1
‘udrı,1,عذری,1
tâkat,1,طاقت,1
takşır,1,تاقشېر,1
isizlikke,1,ایسیزلیککه,1
sakıştın,1,ساقېشتېن,1
kutulğı,1,قوتولغې,1
uruğlı,1,اوروغلې,1
adnağu,1,آدناغو,1
tegmesü,1,تیگمه‌سۆ,1
saknur,1,ساقنور,1
mâlıñ,1,مالېڭ,1
ozunçığ,1,اۏزونچېغ,1
yaslığı,1,یاسلېغې,1
yaslığın,1,یاسلېغېن,1
itilmiş,1,ایتیلمیش,1
künüñde,1,کۆنۆڭده,1
yorığı,1,یۏرېغې,1
yağuşmaz,1,یاغوشماز,1
yarşı,1,یارشې,1
birikmeki,1,بیریکمکی,1
kawuşmaz,1,قاووشماز,1
çoğlayur,1,چۏغلایور,1
yumdarur,1,یومدارور,1
yumğığ,1,یومغېغ,1
bayudum,1,بایودوم,1
ağır-men,1,آغېر من,1
açlık-turur,1,آچلېق تورور,1
isizrek,1,ایسیزره‌ک,1
keçgü-turur,1,کئچگۆ تورور,1
öçgü-turur,1,اؤچگۆ تورور,1
kerme,1,کئرمه,1
yirindi,1,ییریندی,1
süründike,1,سۆرۆندیکه,1
kazı,1,قازې,1
ha‘lîfet,1,خلیفت,1
yétgüçi,1,ییتگۆچی,1
étgüçi,1,ایتگۆچی,1
kandı,1,قاندې,1
yatğuçı,1,یاتغوچې,1
küdü,1,کۆدۆ,1
kopğumıznı,1,قۏپغومېزنې,1
kedgümi,1,کئدگۆمی,1
okırlar,1,اۏقېرلار,1
sürerler,1,سۆررلر,1
kop,1,قۏپ,1
eşitil,1,ائشیتیل,1
kutadsa,1,قوتادسا,1
yinçülüg,1,یینچۆلۆگ,1
yağuğlı,1,یاغوغلې,1
bayuğu,1,بایوغو,1
kâni,1,کانی,1
kân,1,کان,1
kazığlı,1,قازېغلې,1
bodıña,1,بۏدېڭا,1
yaruğıl,1,یاروغېل,1
boynuña,1,بۏینوڭا,1
ayıtğa,1,آیېتغا,1
teñizdeki,1,تڭیزده‌کی,1
tüpütdeki,1,تۆپۆتده‌کی,1
yetümez,1,یئتۆمز,1
tağlar,1,تاغلار,1
gevherığ,1,گوهرېغ,1
kazıp,1,قازېپ,1
yetrümezler,1,یئترۆمزلر,1
önügli,1,اؤنۆگلی,1
tolular,1,تۏلولار,1
kasab,1,قاساب,0
tûsî,1,توسی,0
büktel,1,بۆکتل,1
arkunı,1,آرقونې,1
akur,1,آقور,1
yazıda,1,یازېدا,1
yond,1,یۏند,1
akurda,1,آقوردا,1
katır,1,قاتېر,1
kuzda,1,قوزدا,1
tüzde,1,تۆزده,1
iñek,1,ایڭک,1
öküz,1,اؤکۆز,1
kayada,1,قایادا,1
ımğa,1,اېمغا,1
sukak,1,سوقاق,1
ıvık,1,اېوېق,1
keldürürler,1,کلدۆرۆرلر,1
adığ,1,آدېغ,1
korday,1,قۏردای,1
yögdik,1,یؤگدیک,1
todlıç,1,تۏدلېچ,1
kalıkta,1,قالېقتا,1
keçümez,1,کئچۆمز,1
uçurmaz,1,اوچورماز,1
kuşlarıñ,1,قوشلارېڭ,1
yorırığ,1,یۏرېرېغ,1
yorıtmaz,1,یۏرېتماز,1
esriñ,1,اسریڭ,0
ıtıñ,1,اېتېڭ,1
atalığ,1,آتالېغ,1
analığ,1,آنالېغ,1
anasız,1,آناسېز,1
térdüküñ,1,تیردۆکۆڭ,1
sukun,1,سوقون,1
sukuğ,1,سوقوغ,1
tütmez,1,تۆتمز,1
tolmağınça,1,تۏلماغېنچا,1
açılğa,1,آچېلغا,1
nasihat,1,نصیحت,1
tigüle,1,تیگۆله,1
tégüni,1,تیگۆنی,1
bilindim,1,بیلیندیم,1
atmış,1,آتمېش,1
tilekiñke,1,تیلکیڭکه,1
basıksa,1,باسېقسا,1
yava,1,یاوا,1
katğı,1,قاتغې,1
neñig,1,نڭیگ,1
havâsın,1,هاواسېن,1
menidin,1,منیدین,1
busuğda-turur,1,بوسوغدا تورور,1
çıkatuşsa,1,چېقاتوشسا,1
hiç,1,هیچ,1
oprasa,1,اۏپراسا,1
ulan,1,اولان,1
kepi,1,کئپی,1
örtnür,1,اؤرتنۆر,1
kararçku,1,قارارچقو,1
awutça,1,آووتچا,1
toprakığ,1,تۏپراقېغ,1
tumandın,1,توماندېن,1
tart,1,تارت,1
ağrığları,1,آغرېغلارې,1
balığ,1,بالېغ,1
tañırkap,1,تاڭېرقاپ,1
tıdnumadı,1,تېدنومادې,1
tat,1,تات,1
aştın,1,آشتېن,1
kıyâm,1,قیام,1
kadğur,1,قادغور,1
udıtmadı,1,اودېتمادې,1
töşekin,1,تؤشکین,1
türüp,1,تۆرۆپ,1
kalmışığ,1,قالمېشېغ,1
barmışığ,1,بارمېشېغ,1
çöküp,1,چؤکۆپ,1
kopumaz,1,قۏپوماز,1
üzdi,1,اۆزدی,1
yığılmaz,1,یېغېلماز,1
tâcı,1,تاجې,1
tirgüke,1,تیرگۆکه,1
lxxii,1,لخخیی,1
il,1,ایل,1
yorıtsun,1,یۏرېتسون,1
yorıtma,1,یۏرېتما,1
taplamağay,1,تاپلاماغای,1
almadıñ,1,آلمادېڭ,1
özüñsüz,1,اؤزۆڭسۆز,1
yençgil,1,یئنچگیل,1
nefsig,1,نفسیگ,1
könlür,1,کؤنلۆر,1
egrisi,1,اگریسی,1
‘âciz,1,عاجز,1
arkañ,1,آرقاڭ,1
kâfirde,1,کافرده,1
sığıl,1,سېغېل,1
burhanın,1,بورهانېن,0
küñin,1,کۆڭین,1
almış,1,آلمېش,1
müsülmânlık,1,مسلمانلېق,1
şerî‘atnı,1,شریعتنی,1
yad,1,یاد,1
müsülmânka,1,مسلمانقا,1
teñri-turur,1,تڭری تورور,1
katılıma,1,قاتېلېما,1
kılsunı,1,قېلسونې,1
kanıkı,1,قانېقې,1
sewmegüçini,1,سئومه‌گۆچینی,1
sürgil,1,سۆرگیل,1
kebitler,1,کبیتلر,1
yummaz,1,یومماز,1
irklıp,1,ایرقلېپ,0
süze,1,سۆزه,1
tügmeginçe,1,تۆگمه‌گینچه,1
köniler,1,کؤنیلر,1
térgü,1,تیرگۆ,1
yığğu,1,یېغغو,1
bayutğu,1,بایوتغو,1
yañılmasu,1,یاڭېلماسو,1
ursu,1,اورسو,1
uzatğıl,1,اوزاتغېل,1
öktemig,1,اؤکتمیگ,1
emig,1,امیگ,1
egmez,1,اگمز,1
yuwğası,1,یووغاسې,1
yime,1,ییمه,1
köninge,1,کؤنینگه,1
ağırlağıl,1,آغېرلاغېل,1
uwutsuznı,1,اوووتسوزنې,1
sewmezig,1,سئومزیگ,1
sewerke,1,سئورکه,1
sewitme,1,سئویتمه,1
eminig,1,امینیگ,1
katmakıl,1,قاتماقېل,1
ikigüke,1,ایکیگۆکه,1
işeñü,1,ایشڭۆ,1
sınıp,1,سېنېپ,1
ağırlayu,1,آغېرلایو,1
kutulğay,1,قوتولغای,1
oğrığ,1,اۏغرېغ,1
ewür,1,ائوۆر,1
çoğda,1,چۏغدا,1
oruda,1,اۏرودا,1
‘âlim-turur,1,عالِم تورور,1
muñadmasu,1,موڭادماسو,1
inçliki,1,اینچلیکی,1
ögretsüler,1,اؤگره‌تسۆلر,1
biligsizler,1,بیلیگسیزلر,1
ögrensüler,1,اؤگره‌نسۆلر,1
bulurda,1,بولوردا,1
muhtesibler-turur,1,محتسبلر تورور,1
boşlağığ,1,بۏشلاغېغ,1
cemâ‘atlarığ,1,جماعتلارېغ,1
kopğuçı,1,قۏپغوچې,1
baylar-turur,1,بایلار تورور,1
küçlügi,1,کۆچلۆگی,1
çığaylar-turur,1,چېغایلار تورور,1
kamudın,1,قامودېن,1
ortuka,1,اۏرتوقا,1
artağa,1,آرتاغا,1
ölge,1,اؤلگه,1
üzülge,1,اۆزۆلگه,1
bérer,1,بیرر,1
meñü-turur,1,مڭۆ تورور,1
haknı,1,حقنی,1
ikédin,1,ایکیدین,1
yollarığ,1,یۏللارېغ,1
karakçığ,1,قاراقچېغ,1
sekerçig,1,سکرچیگ,1
olardm,1,اۏلاردم,0
yarlığıñnı,1,یارلېغېڭنې,1
tıdmasalar,1,تېدماسالار,1
bolsalar,1,بۏلسالار,1
hakların,1,حقلارېن,1
râ‘iyyet,1,رعیّت,1
elgî,1,ائلگی,1
muhtesib,1,محتسب,1
yığsu,1,یېغسو,1
emanetlerin,1,امانتلرین,1
nasihatların,1,نصیحتلرین,1
tarığka,1,تارېغقا,1
yılkıçı,1,یېلقېچې,1
üklitsüni,1,اۆکلیتسۆنی,1
yortğuçı,1,یۏرتغوچې,1
itinsü,1,ایتینسۆ,1
adaşka,1,آداشقا,1
seçilgey,1,سئچیلگَی,1
sewgey,1,سئوگَی,1
könide,1,کؤنیده,1
adakın-turur,1,آداقېن تورور,1
yayılma,1,یایېلما,1
ulat,1,اولات,1
kalğu-turur,1,قالغو تورور,1
özünç,1,اؤزۆنچ,1
alkıtu,1,آلقېتو,1
umar-men,1,اومار من,1
birikip,1,بیریکیپ,1
tüzgü,1,تۆزگۆ,1
yakîn,1,یاقین,1
ödülmiş,1,اؤدۆلمیش,1
tatıdı,1,تاتېدې,1
ödülmişig,1,اؤدۆلمیشیگ,1
/,1,/,1
bışa,1,بېشا,1
yarup,1,یاروپ,1
arıtmak,1,آرېتماق,1
lxxiii,1,لخخییی,1
açip,1,آچیپ,0
elgîm,1,ائلگیم,1
tirgin,1,تیرگین,1
atıp,1,آتېپ,1
künümni,1,کۆنۆمنی,1
küyüp,1,کۆیۆپ,1
ötkü,1,اؤتکۆ,1
tişim,1,تیشیم,1
yinçüler,1,یینچۆلر,1
yipi,1,ییپی,1
saçıldı,1,ساچېلدې,1
közler,1,کؤزلر,1
imleme,1,ایمله‌مه,1
kondı,1,قۏندې,1
yazuklar,1,یازوقلار,1
yığlasa-men,1,یېغلاسا من,1
körigül,1,کؤریگۆل,1
süzülse,1,سۆزۆلسه,1
tevbeˆkılmak,1,توبه قېلماق,1
iweklikte,1,ایوَکلیکته,1
kılmayın,1,قېلمایېن,1
kemişgü,1,کئمیشگۆ,1
kéñeşmegli,1,کیڭشمگلی,1
tildemi,1,تیلده‌می,1
yakınka,1,یاقېنقا,1
kéñeyin,1,کیڭه‌یین,1
añar-men,1,آڭار من,1
eştürüp,1,ائشتۆرۆپ,1
kéñür,1,کیڭۆر,1
barğum,1,بارغوم,1
barıl,1,بارېل,1
unıtmasunı,1,اونېتماسونې,1
uladukta,1,اولادوقتا,1
sırrın,1,سرّېن,1
yazuklarım,1,یازوقلارېم,1
kerim,1,کریم,1
tünertti,1,تۆنرتتی,1
yumulmadı,1,یومولمادې,1
ikile,1,ایکیله,1
tizildi,1,تیزیلدی,1
belgüle,1,بلگۆله,1
sükiç,1,سۆکیچ,1
kalıkka,1,قالېققا,1
ağip,1,آغېپ,1
sûrî,1,سوری,1
ağdı,1,آغدې,1
yokarı,1,یۏقارې,1
külçirer,1,کۆلچیرر,1
yélip,1,ییلیپ,1
tekip,1,تکیپ,1
kirdiler,1,کیردیلر,1
tuşğalı,1,توشغالې,1
tüşükrek,1,تۆشۆکره‌ک,1
sarığrak,1,سارېغراق,1
hâlıñ,1,حالېڭ,1
ödgülmiş,1,اؤدگۆلمیش,1
ğafleti,1,غافلتی,1
odğuru,1,اۏدغورو,1
yüküm,1,یۆکۆم,1
bulurmu,1,بولورمو,1
barmasu,1,بارماسو,1
suwsatayın,1,سووساتایېن,1
arğurayın,1,آرغورایېن,1
satğayu,1,ساتغایو,1
satğayın,1,ساتغایېن,1
kömüldi,1,کؤمۆلدی,1
‘udruğ,1,عذروغ,1
kolayın,1,قۏلایېن,1
kalgay,1,قالقای,1
yan,1,یان,1
kılmağ,1,قېلماغ,1
lxxiv,1,لخخیو,1
niyyetni,1,نیّتنی,1
yarutsu,1,یاروتسو,1
buzulsa,1,بوزولسا,1
kılğanka,1,قېلغانقا,1
muyanın,1,مویانېن,1
inçlik-turur,1,اینچلیق تورور,1
sewinçlig-turur,1,سئوینچلیگ تورور,1
tegşürülgey,1,تگشۆرۆلگَی,1
ornuñka,1,اۏرنوڭقا,1
ornağay,1,اۏرناغای,1
tartğay,1,تارتغای,1
urmağu,1,اورماغو,1
teggüke,1,تیگگۆکه,1
buzup,1,بوزوپ,1
tidüki,1,تیدۆکی,1
tüzmedim,1,تۆزمه‌دیم,1
mâlını,1,مالېنې,1
hâlını,1,حالېنې,1
barsa-men,1,بارسا من,1
kodsa-men,1,قۏدسا من,1
tezginigli,1,تیزگینیگلی,1
çığayın,1,چېغایېن,1
bastıñ,1,باستېڭ,1
beklediñ,1,بکله‌دیڭ,1
lxxv,1,لخخو,1
törlügi,1,تؤرلۆگی,1
birsini,1,بیرسینی,1
aça-men,1,آچا من,1
örtülüp,1,اؤرتۆلۆپ,1
oğrılık,1,اۏغرېلېق,1
alınsa,1,آلېنسا,1
yaşut,1,یاشوت,1
kedgüsin,1,کئدگۆسین,1
kılmağumu,1,قېلماغومو,1
érilme,1,ایریلمه,1
serilme,1,سریلمه,1
siñürse,1,سیڭۆرسه,1
iriglenme,1,ایریگلنمه,1
siñürgil,1,سیڭۆرگیل,1
süçitgey,1,سۆچیتگَی,1
üstep,1,اۆسته‌پ,1
kızartmadıñ,1,قېزارتمادېڭ,1
udında,1,اودېندا,1
kereksizmü,1,کیرکسیزمۆ,1
alkayu,1,آلقایو,1
yöledi,1,یؤله‌دی,1
hakını,1,حقّینی,1
yétürmiş,1,ییتۆرمیش,1
haz,1,هاز,0
yañsağuçı,1,یاڭساغوچې,1
kamdı,1,قامدې,1
sızsu,1,سېزسو,1
egsü,1,اگسۆ,1
inçlenip,1,اینچلنیپ,1
yal,1,یال,1
uğ,1,اوغ,1
mindiñ,1,میندیڭ,1
tay,1,تای,1
tilekleri,1,تیلکلری,1
tahtka,1,تختقا,1
minsün,1,مینسۆن,1
öpsü,1,اؤپسۆ,1
yinçrünüp,1,یینچرۆنۆپ,1
bélin,1,بیلین,1
örüglüg,1,اؤرۆگلۆگ,1
saçı,1,ساچې,1
kötrüp,1,کؤترۆپ,1
kölürdi,1,کؤلۆردی,1
tattı,1,تاتتې,1
oka,1,اۏقا,1
üşgürürmü,1,اۆشگۆرۆرمۆ,1
belâka,1,بلاقا,1
amân,1,آمان,1
esiz,1,ایسیز,1
baray,1,بارای,1
yalñuzlukun,1,یالڭوزلوقون,1
semritip,1,سمریتیپ,1
semrir,1,سمریر,1
keçerke,1,کئچرکه,1
ışanur-men,1,اېشانور من,1
kulakım,1,قولاقېم,1
nü,1,نۆ,1
ikindi,1,ایکیندی,1
ölsü,1,اؤلسۆ,1
kalsu,1,قالسو,1
bayusu,1,بایوسو,1
kerekim,1,کیرکیم,1
soñdar,1,سۏڭدار,1
yokın,1,یۏقېن,1
neçeme,1,نئچه‌مه,1
tügülgey,1,تۆگۆلگَی,1
tıñlamaz,1,تېڭلاماز,1
sernü,1,سرنۆ,1
karışma,1,قارېشما,1
sakınçlıg,1,ساقېنچلېق,1
yoñağlı,1,یۏڭاغلې,1
ıtı,1,اېتې,1
tapğum,1,تاپغوم,1
ötügüm,1,اؤتۆگۆم,1
iñe,1,ایڭه,1
tegü,1,تگۆ,1
çının,1,چېنېن,1
yalğanın,1,یالغانېن,1
tuñla,1,توڭلا,1
kerekini,1,کیرکینی,1
sal,1,سال,1
çınığ,1,چېنېغ,1
çınıg,1,چېنېق,1
tıñlağay-men,1,تېڭلاغای من,1
adırmasa,1,آدېرماسا,1
erkligi,1,ارکلیگی,1
egrini,1,اگرینی,1
tünermiş,1,تۆنرمیش,1
sınasa,1,سېناسا,1
umdusı,1,اومدوسې,1
ewrülüp,1,ائورۆلۆپ,1
irüklük,1,ایرۆکلۆک,1
buzmağıl,1,بوزماغېل,1
izçe,1,ایزچه,1
törlügüg,1,تؤرلۆگۆگ,1
açınğıl,1,آچېنغېل,1
kéñügey,1,کیڭۆگَی,1
çawıkğay,1,چاوېقغای,1
körmek,1,کؤرمک,1
oprap,1,اۏپراپ,1
bağlanur,1,باغلانور,1
idiñ,1,ایدیڭ,1
örtlür,1,اؤرتلۆر,1
yetmişin,1,یئتمیشین,1
atlanıp,1,آتلانېپ,1
énip,1,اینیپ,1
erejlendi,1,ارژلندی,1
yitgüsüz,1,ییتگۆسۆز,1
barçası,1,بارچاسې,1
mutî‘,1,مطیع,1
musallat-turur,1,مسلط تورور,1
tılur,1,تېلور,1
lxxvi,1,لخخوی,1
ündemişin,1,اۆنده‌میشین,1
künlerde,1,کۆنلرده,1
yatğalır,1,یاتغالېر,1
yastap,1,یاستاپ,1
tawrak,1,تاوراق,1
unamadı,1,اونامادې,1
hâlı,1,حالې,1
bilgem,1,بیلگم,1
köner,1,کؤنر,1
kapuğdın,1,قاپوغدېن,1
kadğuluğ,1,قادغولوغ,1
yılça,1,یېلچا,1
udımak,1,اودېماق,1
közindin,1,کؤزیندین,1
oñdurdı,1,اۏڭدوردې,1
üdiklig,1,اۆدیکلیگ,1
yélgüdi,1,ییلگۆدی,1
kadaşını,1,قاداشېنې,1
çögesin,1,چؤگه‌سین,1
töşenmiş,1,تؤشنمیش,1
yiñin,1,ییڭین,1
köñelir,1,کؤڭه‌لیر,1
barğalır,1,بارغالېر,1
könlüñ,1,کؤنلۆڭ,1
kiterdeçi,1,کیترده‌چی,1
töklür,1,تؤکلۆر,1
tökse,1,تؤکسه,1
arığay,1,آرېغای,1
ölürüñ,1,اؤلۆرۆڭ,1
tüşümde,1,تۆشۆمده,1
tüşedim,1,تۆشه‌دیم,1
tüşümdin,1,تۆشۆمدین,1
ölürüm,1,اؤلۆرۆم,1
yörgüçiler,1,یؤرگۆچیلر,1
lxxvii,1,لخخویی,1
bilirke,1,بیلیرکه,1
kiçeki,1,کیچه‌کی,1
tüşüñke,1,تۆشۆڭکه,1
körügi,1,کؤرۆگی,1
‘ilmiñe,1,علمیڭه,1
tuşüñ,1,توشۆڭ,1
içimke,1,ایچیمکه,1
faslıña,1,فصلېڭا,1
küçenip,1,کۆچنیپ,1
küçemiş,1,کۆچه‌میش,1
alsun,1,آلسون,1
yay,1,یای,1
kürküm,1,کۆرکۆم,1
sarığı,1,سارېغې,1
terengbîn,1,ترنگبین,1
üt,1,اۆت,1
meñesin,1,مڭه‌سین,1
buz,1,بوز,1
kar,1,قار,1
balğamı,1,بلغمې,1
yitürgü,1,ییتۆرگۆ,1
azğas-u,1,آزغاسو,1
ahlâm,1,آهلام,0
yanğı,1,یانغې,1
yektin,1,یئکتین,1
yunur,1,یونور,1
pîşeˆsin,1,پیشه‌سین,1
mu‘abbir,1,معبّر,1
anlayu,1,آنلایو,1
yığlayu,1,یېغلایو,1
büdig,1,بۆدیگ,1
kadğularka,1,قادغولارقا,1
sezig,1,سئزیگ,1
yörlür,1,یؤرلۆر,1
yakşığ,1,یاقشېغ,1
yağutur,1,یاغوتور,1
beklik,1,بکلیک,1
lxxviii,1,لخخوییی,1
satu,1,ساتو,1
bağnası,1,باغناسې,1
bağnaça,1,باغناچا,1
sadım,1,سادېم,1
alır-men,1,آلېر من,1
kanur,1,قانور,1
uçtum,1,اوچتوم,1
siñip,1,سیڭیپ,1
lxxix,1,لخخیخ,1
şatuka,1,شاتوقا,1
yörgüçi,1,یؤرگۆچی,1
‘izz,1,عزّ,1
içtüküñ,1,ایچتۆکۆڭ,1
ağdukuñ,1,آغدوقوڭ,1
lxxxx,1,لخخخخ,1
tüşüm,1,تۆشۆم,1
tuşum,1,توشوم,1
étip,1,ایتیپ,1
himmetiñ,1,همّتیڭ,1
yérde-turur-men,1,ییرده تورور من,1
yörmediñ,1,یؤرمه‌دیڭ,1
bağnalığ-men,1,باغنالېغ من,1
kördüküm,1,کؤردۆکۆم,1
şatunuñ,1,شاتونوڭ,1
yokladım,1,یۏقلادېم,1
yaşımnı,1,یاشېمنې,1
bérdüki,1,بیردۆکی,1
atalığlarığ,1,آتالېغلارېغ,1
itilmişlerig,1,ایتیلمیشلریگ,1
yorıtımağlı,1,یۏرېتېماغلې,1
içmişim,1,ایچمیشیم,1
yördüñ,1,یؤردۆڭ,1
tirigliklerim,1,تیریگلیکلریم,1
kazıldı,1,قازېلدې,1
karım,1,قارېم,1
teñdüki,1,تڭدۆکی,1
siñdüki,1,سیڭدۆکی,1
keptin,1,کئپتین,0
belgürtti,1,بلگۆرتتی,1
yérlerig,1,ییرلریگ,1
bezeklig,1,بزه‌کلیگ,1
hây,1,های,1
soktı,1,سۏقتې,1
bileklig,1,بیلکلیگ,1
yumıtmışlarığ,1,یومېتمېشلارېغ,1
tañı,1,تاڭې,1
unıtıp,1,اونېتېپ,1
ölgüsin,1,اؤلگۆسین,1
kitermez,1,کیترمز,1
usın,1,اوسېن,1
hak-turur,1,حق تورور,1
hâlim,1,حالېم,1
itsü,1,ایتسۆ,1
ertti,1,ایرتتی,1
térmedim,1,تیرمه‌دیم,1
sakındım,1,ساقېندېم,1
yinitmek,1,یینیتمک,1
yüküñni,1,یۆکۆڭنی,1
yinit,1,یینیت,1
kılda,1,قېلدا,1
emge,1,امگه,1
emgekiñ,1,امگکیڭ,1
köçerde,1,کؤچرده,1
lxxxi,1,لخخخی,1
tınlığ,1,تېنلېغ,1
iwerde,1,ایورده,1
buşarda,1,بوشاردا,1
aslıñ,1,اصلېڭ,1
karağurma,1,قاراغورما,1
kavliñ,1,قَولیڭ,1
örtüp,1,اؤرتۆپ,1
yüdürme,1,یۆدۆرمه,1
yükçi,1,یۆکچی,1
üzeñü,1,اۆزَڭۆ,1
çigen,1,چیگن,1
kapar,1,قاپار,1
karanıñ,1,قارانېڭ,1
köçkün,1,کؤچکۆن,1
ötgen,1,اؤتگن,1
ölügli-turur,1,اؤلۆگلی تورور,1
iler,1,ایلر,1
karmakı,1,قارماقې,1
yégliniñ,1,ییگلینیڭ,1
şatım,1,شاتېم,1
soñdamağıl,1,سۏڭداماغېل,1
tokınmaz,1,تۏقېنماز,1
kılınçlığ-turur,1,قېلېنچلېغ تورور,1
yélke,1,ییلکه,1
teglerig,1,تگلریگ,1
alğay,1,آلغای,1
saçğay,1,ساچغای,1
sığtatur,1,سېغتاتور,1
bezenür,1,بزه‌نۆر,1
cefâçı-turur,1,جفاچې تورور,1
hiredi,1,خِرَدی,1
ilnıp,1,ایلنېپ,1
dîniñni,1,دینیڭنی,1
dünyâñ,1,دنیاڭ,1
dîniñ,1,دینیڭ,1
esürtmesü,1,اسۆرتمه‌سۆ,1
adıldukta,1,آدېلدوقتا,1
tolğa,1,تۏلغا,1
yetlip,1,یئتلیپ,1
yarlur,1,یارلور,1
esrüp,1,اسرۆپ,1
ahsumlasa,1,آهسوملاسا,0
esrüki,1,اسرۆکی,1
esrükinde,1,اسرۆکینده,1
beter,1,بتر,1
bornı,1,بۏرنې,1
adlur,1,آدلور,1
usında,1,اوسېندا,1
adlumaz,1,آدلوماز,1
odnumaz,1,اۏدنوماز,1
ulaşmış,1,اولاشمېش,1
üzülgü-turur,1,اۆزۆلگۆ تورور,1
kıldru,1,قېلدرو,1
ıdmaz,1,اېدماز,1
korkınç,1,قۏرقېنچ,1
tezginü,1,تیزگینۆ,1
tağda,1,تاغدا,1
sakınçıñ,1,ساقېنچېڭ,1
bükri,1,بۆکری,1
uça,1,اوچا,1
kezer,1,کزر,1
udımış-tururmız,1,اودېمېش تورورمېز,1
yorıklığ,1,یۏرېقلېغ,1
yetgelir,1,یئتگلیر,1
yumulsa,1,یومولسا,1
sélerniñ,1,سیلرنیڭ,1
du‘âka,1,دعاقا,1
hâlimi,1,حالمی,1
kawuşğum,1,قاووشغوم,1
çalmış,1,چالمېش,1
kadğuma,1,قادغوما,1
bertme,1,برتمه,1
tökti,1,تؤکتی,1
yaşığ,1,یاشېغ,1
ükük,1,اۆکۆک,1
adrılurda,1,آدرېلوردا,1
firâkta,1,فراقتا,1
kadğuları,1,قادغولارې,1
irteşü,1,ایرتشۆ,1
kamuğnuñ,1,قاموغنوڭ,1
firâkka,1,فراققا,1
visâldın,1,وصالدېن,1
karşu,1,قارشو,1
izin,1,ایزین,1
izledi,1,ایزله‌دی,1
sawulmış,1,ساوولمېش,1
uçukmış,1,اوچوقمېش,1
yarumadı,1,یارومادې,1
yıldradı,1,یېلدرادې,1
yétiken,1,ییتیکن,1
tüñitti,1,تۆڭیتتی,1
tarandı,1,تاراندې,1
virdin,1,ویردین,1
sakınçlık,1,ساقېنچلېق,1
nişânın,1,نشانېن,1
alında,1,آلېندا,1
boduduñ,1,بۏدودوڭ,1
ewürmedi,1,ائوۆرمه‌دی,1
tügmedim,1,تۆگمه‌دیم,1
vaktı-turur,1,وقتی تورور,1
bağışlasu,1,باغېشلاسو,1
koratmasu,1,قۏراتماسو,1
kanını,1,قانېنې,1
sermediñ,1,سرمه‌دیڭ,1
kadra,1,قادرا,0
küçüm,1,کۆچۆم,1
yetmedi,1,یئتمه‌دی,1
ulamış-turur,1,اولامېش تورور,1
üzül,1,اۆزۆل,1
süzül,1,سۆزۆل,1
tüzül,1,تۆزۆل,1
buş,1,بوش,1
biziñe-turur,1,بیزیڭه تورور,1
kıldımız,1,قېلدېمېز,1
isizde,1,ایسیزده,1
öküñü-turur,1,اؤکۆڭۆ تورور,1
kutaru,1,قوتارو,1
tenim,1,تنیم,1
yatğalı,1,یاتغالې,1
busuğda,1,بوسوغدا,1
basıkur,1,باسېقور,1
umınçın,1,اومېنچېن,1
‘amel,1,عمل,1
serdi,1,سردی,1
kadğurup,1,قادغوروپ,1
meñzin,1,مڭزین,1
sızğurup,1,سېزغوروپ,1
sernümedi,1,سرنۆمه‌دی,1
barğusı,1,بارغوسې,1
yodun,1,یۏدون,1
yarağlığ-turur,1,یاراغلېغ تورور,1
lxxxii,1,لخخخیی,1
odğurmışniñ,1,اۏدغورمېشنېڭ,1
mürîdi,1,مریدی,1
saçıp,1,ساچېپ,1
fâş,1,فاش,1
sığtadı,1,سېغتادې,1
tokındı,1,تۏقېندې,1
lxxxiii,1,لخخخییی,1
hukmi,1,حُکمی,1
tözüke-turur,1,تؤزۆکه تورور,1
körgile,1,کؤرگیله,1
yanğıla,1,یانغېلا,1
lxxxiv,1,لخخخیو,1
tutmişin,1,توتمیشین,1
üdiklerim,1,اۆدیکلریم,1
uçsun,1,اوچسون,1
kizlediñ,1,کیزله‌دیڭ,1
cânka,1,جانقا,1
tüşümdemü,1,تۆشۆمده‌مۆ,1
batıp,1,باتېپ,1
lxxxv,1,لخخخو,1
ta‘ziyet,1,تعزیت,1
öglen,1,اؤگلن,1
keçürsü,1,کئچۆرسۆ,1
kılmışığ,1,قېلمېشېغ,1
beklemiş,1,بکله‌میش,1
kesip,1,کسیپ,1
basıp,1,باسېپ,1
öwkeledi,1,اؤوکه‌له‌دی,1
tınur,1,تېنور,1
vasiyyet,1,وصیّت,1
kodmışın,1,قۏدمېشېن,1
tayakın,1,تایاقېن,1
kodmışı,1,قۏدمېشې,1
kalmışı,1,قالمېشې,1
elgiñe,1,ائلگیڭه,1
üşgür,1,اۆشگۆر,1
artmaz,1,آرتماز,1
âdemi,1,آدمی,1
üküşlük,1,اۆکۆشلۆک,1
ölmedi,1,اؤلمه‌دی,1
yéglilerke,1,ییگلیلرکه,1
ötlep,1,اؤتله‌پ,1
sakınçlığ,1,ساقېنچلېغ,1
küldi,1,کۆلدی,1
harîslık,1,حریصلیک,1
işimni,1,ایشیمنی,1
tegümediñ,1,تیگۆمه‌دیڭ,1
şehvet,1,شهوت,1
sefâcı-turur,1,صفاچې تورور,1
isizin,1,ایسیزین,1
semzi,1,سئمزی,1
açurğu,1,آچورغو,1
kısmasa,1,قېسماسا,1
awlamaz,1,آولاماز,1
edgülerin,1,ائدگۆلرین,1
ıdmağu,1,اېدماغو,1
kuşuñ,1,قوشوڭ,1
awlamasa,1,آولاماسا,1
ıtu,1,اېتو,1
buğrağursa,1,بوغراغورسا,1
meñilig-turur,1,مڭیلیگ تورور,1
küwezlikke,1,کۆوزلیککه,1
mihnetiñ,1,محنتیڭ,1
bérmekiñ,1,بیرمکیڭ,1
yılanı,1,یېلانې,1
çadanı,1,چادانې,1
tikgüçi,1,تیکگۆچی,1
ağusı,1,آغوسې,1
alğusı,1,آلغوسې,1
yégüsi,1,ییگۆسی,1
‘âbid,1,عابد,1
ilinmiş-tururmız,1,ایلینمیش تورورمېز,1
küdezsün,1,کۆدزسۆن,1
belâdin,1,بلادین,1
tañlap,1,تاڭلاپ,1
apalı,1,آپالې,1
havâlı,1,حوالې,1
ilip,1,ایلیپ,1
yaşadı,1,یاشادې,1
yasını,1,یاسېنې,1
kurup,1,قوروپ,1
bulmadılar,1,بولمادېلار,1
optı,1,اۏپتې,1
töşenip,1,تؤشنیپ,1
udırmu,1,اودېرمو,1
eligleri,1,ائلیگلری,1
ınçıklayu,1,اېنچېقلایو,1
erejlengil,1,ارژلنگیل,1
süñüki,1,سۆڭۆکی,1
edgülerdin,1,ائدگۆلردین,1
sewmezleriñ,1,سئومزلریڭ,1
saçılsu,1,ساچېلسو,1
birerin,1,بیررین,1
kéñüsü,1,کیڭۆسۆ,1
köndi,1,کؤندی,1
kutadtı,1,قوتادتې,1
ersemiz,1,ایرسه‌میز,1
eşitip,1,ائشیتیپ,1
saraylar,1,سارایلار,1
çéçekliklerig,1,چیچکلیکلریگ,1
pâk,1,پاک,1
küçedi,1,کۆچه‌دی,1
küçegli,1,کۆچگلی,1
yérin,1,ییرین,1
kulaç,1,قولاچ,1
alındı,1,آلېندې,1
tökgüçi,1,تؤکگۆچی,1
satğağuçı,1,ساتغاغوچې,1
tütüşügli,1,تۆتۆشۆگلی,1
tirigli,1,تیریگلی,1
kodmadın,1,قۏدمادېن,1
erejleri,1,ارژلری,1
yüdgil,1,یۆدگیل,1
ınçıklama,1,اېنچېقلاما,1
habır,1,هابېر,0
nimetka,1,نعمتکه,1
tigil,1,تیگیل,1
yawaş,1,یاواش,1
borun,1,بۏرون,1
yuğuçı,1,یوغوچې,1
munâfik,1,منافق,1
toduğlısı,1,تۏدوغلېسې,1
harâmıñ,1,حرامېڭ,1
eglü,1,اگلۆ,1
tayanğu,1,تایانغو,1
uluğda,1,اولوغدا,1
otunlar,1,اۏتونلار,1
emr-ü,1,امر و,1
ma‘rûf,1,معروف,1
nehy-ü,1,نهی و,1
münker,1,منکر,1
emânetlerin,1,امانتلرین,1
nasîhatlerin,1,نصیحتلرین,1
sözleyümez,1,سؤزله‌یۆمز,1
tişide,1,تیشیده,1
örtmez,1,اؤرتمز,1
mescidler,1,مسجدلر,1
cemâ‘atler,1,جماعتلر,1
teñilik,1,تڭیلیک,1
tañladaçı,1,تاڭلاداچې,1
yéşür,1,ییشۆر,1
kapuş,1,قاپوش,1
udıtmaz,1,اودېتماز,1
ilm,1,علم,0
çıça,1,چېچا,1
köñüller,1,کؤڭۆللر,1
kısıldı,1,قېسېلدې,1
suyurkağlı,1,سویورقاغلې,1
tañırkağlı,1,تاڭېرقاغلې,1
sınağlı,1,سېناغلې,1
isizlerig,1,ایسیزلریگ,1
öñdiler,1,اؤڭدیلر,1
îmânımız,1,ایمانېمېز,1
fıtneˆ,1,فتنه,1
bitiyü,1,بیتییۆ,1
ülgüle,1,اۆلگۆله,1
ögüm,1,اؤگۆم,1
yetmişi,1,یئتمیشی,1
bitirdim,1,بیتیردیم,1
bekütgil,1,بکۆتگیل,1
azma,1,آزما,1
tilemedim,1,تیله‌مه‌دیم,1
üşgürüp,1,اۆشگۆرۆپ,1
töşense,1,تؤشنسه,1
idilik,1,ایدیلیک,1
ğafûr,1,غفور,1
yıpardın,1,یېپاردېن,1
ıdı,1,اېدې,1
pelîddin,1,پلیددین,1
kesmegey,1,کسمه‌گَی,1
kulur-men,1,قولور من,1
cefâdın,1,جفادېن,1
vefâda,1,وفادا,1
vefâdın,1,وفادېن,1
d,1,د,1
kaçıttım,1,قاچېتتېم,1
töşettim,1,تؤشتتیم,1
tilettim,1,تیلتتیم,1
tutarda,1,توتاردا,1
turdum,1,توردوم,1
esirkep,1,اسیرکه‌پ,1
körkümi,1,کؤرکۆمی,1
yırattıñ,1,یېراتتېڭ,1
yırattım,1,یېراتتېم,1
erğuvân,1,ارغوان,1
meñzim,1,مڭزیم,1
urğın,1,اورغېن,1
eñde,1,اڭده,1
tarıttım,1,تارېتتېم,1
yıparsığ,1,یېپارسېغ,1
eşüdüm,1,ائشۆدۆم,1
çéçeklig,1,چیچکلیگ,1
hazanmu,1,خزانمو,1
tüşüttüm,1,تۆشۆتتۆم,1
kadıñ,1,قادېڭ,1
tüñittim,1,تۆڭیتتیم,1
kanın,1,قانېن,1
akıttım,1,آقېتتېم,1
çalpaladım,1,چالپالادېم,1
çökittim,1,چؤکیتتیم,1
yidim,1,ییدیم,1
tozıttım,1,تۏزېتتېم,1
sewindim,1,سئویندیم,1
ağımdaı,1,آغېمداې,1
koldaşımka,1,قۏلداشېمقا,1
tosun,1,تۏسون,1
suçıttım,1,سوچېتتېم,1
sere,1,سره,1
yazuksuzka,1,یازوقسوزقا,1
kerdim,1,کئردیم,1
te,1,ته,1
kadıttım,1,قادېتتېم,1
yatmış,1,یاتمېش,1
odlu,1,اۏدلو,1
uyadtım,1,اویادتېم,1
yügürdüm,1,یۆگۆردۆم,1
néçe,1,نیچه,1
kuturmış,1,قوتورمېش,1
ulıttım,1,اولېتتېم,1
aldım,1,آلدېم,1
yarmakın,1,یارماقېن,1
kimig,1,کیمیگ,1
serdim,1,سردیم,1
irdim,1,ایردیم,1
açıttım,1,آچېتتېم,1
rabbım,1,ربّیم,1
tıldağım,1,تېلداغېم,1
tuşıktım,1,توشېقتېم,1
keçgey,1,کئچگَی,1
ökünçke,1,اؤکۆنچکه,1
basıktım,1,باسېقتېم,1
kisrâ,1,کسری,1
kaysarça,1,قایسارچا,1
şeddâd,1,شدّاد,1
‘âd,1,عاد,1
ittim,1,ایتتیم,1
sikender,1,سکندر,1
tutarça,1,توتارچا,1
nûh,1,نوح,1
yaşadım,1,یاشادېم,1
yaşattım,1,یاشاتتېم,1
haydar,1,حیدر,1
rüstemleyü,1,رستمله‌یۆ,1
çawıktım,1,چاوېقتېم,1
‘îsâ,1,عیسی,1
nûşîn-revân,1,نوشین روان,1
kençim,1,کئنچیم,1
kârûn,1,کارون,1
ashab-ı,1,اصحاب,1
res,1,رس,1
tokıttım,1,تۏقېتتېم,1
isittim,1,ایسیتتیم,1
tégitlikte,1,تیگیتلیکته,1
tarlağ,1,تارلاغ,1
orğu,1,اۏرغو,1
ordum,1,اۏردوم,1
süçittim,1,سۆچیتتیم,1
karılıkka,1,قارېلېققا,1
tağıttım,1,تاغېتتېم,1
koñuz,1,قۏڭوز,1
igdileyü,1,ایگدیله‌یۆ,1
igidtim,1,ایگیدتیم,1
usrık,1,اوسرېق,1
yokadtım,1,یۏقادتېم,1
kavurdı,1,قاووردې,1
könittim,1,کؤنیتتیم,1
halkığ,1,خلقېغ,1
kayusında,1,قایوسېندا,1
men-men,1,من من,1
odguru,1,اۏدقورو,1
arıttım,1,آرېتتېم,1
öçlek,1,اؤچلک,1
kezeyi,1,کزه‌یی,1
tileyi,1,تیله‌یی,1
yüziñe,1,یۆزیڭه,1
bakayı,1,باقایې,1
kahtı,1,قاهتې,0
kolayı,1,قۏلایې,1
közümke,1,کؤزۆمکه,1
yigüm,1,ییگۆم,1
tüneyi,1,تۆنه‌یی,1
tağar,1,تاغار,1
kedeyi,1,کئده‌یی,1
vahşı,1,وحشی,1
yiteyi,1,ییته‌یی,1
akayı,1,آقایې,1
toğayı,1,تۏغایې,1
vefâsızka,1,وفاسېزقا,1
bağırsızka,1,باغېرسېزقا,1
ulayı,1,اولایې,1
cânça,1,جانچا,1
seweyi,1,سئوه‌یی,1
ala,1,آلا,1
mınça,1,مېنچا,1
tutayı,1,توتایې,1
muñadtım,1,موڭادتېم,1
ayayı,1,آیایې,1
koldaşımda,1,قۏلداشېمدا,1
açayı,1,آچایې,1
andka,1,آندقا,1
and,1,آند,1
atayı,1,آتایې,1
kalayı,1,قالایې,1
kadğuka,1,قادغوقا,1
kamuğum,1,قاموغوم,1
çıkayı,1,چېقایې,1
koldaşım,1,قۏلداشېم,1
sızar-men,1,سېزار من,1
küleyi,1,کۆله‌یی,1
munduzmu,1,موندوزمو,1
mundum,1,موندوم,1
ukayı,1,اوقایې,1
küçedip,1,کۆچَدیپ,1
meñim,1,مڭیم,1
közümkemü,1,کؤزۆمکه‌مۆ,1
hab,1,هاب,0
içeyi,1,ایچه‌یی,1
okmu,1,اۏقمو,1
yanayı,1,یانایې,1
ögeyi,1,اؤگه‌یی,1
keçsü,1,کئچسۆ,1
otunuğ,1,اۏتونوغ,1
süreyi,1,سۆره‌یی,1
bulayı,1,بولایې,1
firişteˆmü,1,فرشته مۆ,1
bileyi,1,بیله‌یی,1
kaldım,1,قالدېم,1
yorıyı,1,یۏرېیې,1
yarayı,1,یارایې,1
sözlese-men,1,سؤزله‌سه من,1
kodayı,1,قۏدایې,1
bilmesünler,1,بیلمه‌سۆنلر,1
körmesünler,1,کؤرمه‌سۆنلر,1
bulmasunlar,1,بولماسونلار,1
keseyi,1,کسه‌یی,1
tikerler,1,تیکرلر,1
sorarlar,1,سۏرارلار,1
köpek,1,کؤپک,1
ürerler,1,اۆررلر,1
olındım,1,اۏلېندېم,1
otunlarka,1,اۏتونلارقا,1
cevri,1,جَوری,1
tegmesüni,1,تیگمه‌سۆنی,1
bifalardın,1,بی‌وفالاردېن,0
işiniñ,1,ایشینیڭ,1
sandıñ,1,ساندېڭ,1
semürgük,1,سیمۆرگۆک,1
bilgiñ,1,بیلگیڭ,1
atanğıl,1,آتانغېل,1
ağınap,1,آغېناپ,1
yor,1,یۏر,1
kişeldi,1,کیشلدی,1
yügrümez,1,یۆگرۆمز,1
kişeldiñ,1,کیشلدیڭ,1
kişelse,1,کیشلسه,1
kişenin,1,کیشنین,1
bür,1,بۆر,1
sundum,1,سوندوم,1
tizdim,1,تیزدیم,1
şaşurdum,1,شاشوردوم,1
ura,1,اورا,1
yakurdum,1,یاقوردوم,1
sıkadım,1,سېقادېم,1
beliñler,1,بئلیڭلر,1
birerde,1,بیررده,1
tutmışımça,1,توتمېشېمچا,1
ederdim,1,ائدردیم,1
yıparı,1,یېپارې,1
yüdgen,1,یۆدگن,1
farkı,1,فرقی,1
(altmış,1,(آلتمېش,1
iki),1,ایکی),1
sözledim-men,1,سؤزله‌دیم من,1
ayda,1,آیدا,1
üdürdüm,1,اۆدۆردۆم,1
adırdım,1,آدېردېم,1
ewdip,1,ائودیپ,1
burar,1,بورار,1
itnü,1,ایتنۆ,1
bulaklar,1,بولاقلار,1
yalkar,1,یالقار,1
ire,1,ایره,1
yapuştuñ,1,یاپوشتوڭ,1
dünyâğa,1,دنیاغا,1
üzgil,1,اۆزگیل,1
halknı,1,خلقنې,1
azdı,1,آزدې,1
azrakkına,1,آزراققېنا,1
telmire,1,تئلمیره,1
âhir,1,آخر,1
tirse,1,تیرسه,1
arkara,1,آرقارا,1
ğaf,1,غاف,1
odğura,1,اۏدغورا,1
belgüre,1,بلگۆره,1
küredi,1,کۆره‌دی,1
ınandıñ,1,اېناندېڭ,1
tayandıñ,1,تایاندېڭ,1
bulğıl,1,بولغېل,1
süzilmiş,1,سۆزیلمیش,1
yum,1,یوم,1
rahmetiñdin,1,رحمتیڭدین,1
turğura,1,تورغورا,1
sawçımızka,1,ساوچېمېزقا,1
ertüre,1,ارتۆره,1
978-975-17-3359-7,1,۹۷۸-۹۷۵-۱۷-۳۳۵۹-۷,0
e-posta:,1,الکترونیک پست:,0
(610-632),1,(۶۱۰-۶۳۲),0
[934-1020]’nin,1,[۹۳۴-۱۰۲۰]’نین,0
980?~1004,1,۱۰۰۴-؟۹۸۰,0
850’li,1,۸۵۰-ـلی,0
1069’da,1,۱۰۶۹-ـدا,0
(ve,1,(و,0
"fergana,",1,فرغانه،,0
"celleka,",1,جلّه‌قا،,0
"pâdişâh-turur,",1,پادشاه تورور،,0
‘azîz-turur;,1,عزیز تورور؛,0
"kındın,",1,قېندېن،,0
"atadılar,",1,آتادېلار،,0
"tédiler,",1,تیدیلر،,0
"aydılar,",1,آیدېلار،,0
"atamışlar,",1,آتامېشلار،,0
"témişler,",1,تیمیشلر،,0
"er-turur,",1,ار تورور،,0
"lemiş-turur,",1,له‌میش تورور،,0
"teg,di",1,تگدی,0
"kör,",1,کؤر،,0
"kişi,ke",1,کیشیکه,0
"iş,i",1,ایشی,0
"kişi,ke",1,کیشیکه,0
ajunçıkaerdem,1,آژونچېقا ایردیم,0
